venueIdx,entertainerIdx,feeCents,startsAt
12,76,75000,"2030-12-10T20:00:00.000Z"
38,21,20000,"2031-08-17T20:00:00.000Z"
27,33,250000,"2030-02-13T20:00:00.000Z"
19,87,75000,"2031-12-01T20:00:00.000Z"
31,12,250000,"2030-09-23T20:00:00.000Z"
92,80,50000,"2030-04-13T20:00:00.000Z"
30,11,50000,"2031-06-12T20:00:00.000Z"
24,60,75000,"2030-04-23T20:00:00.000Z"
20,22,75000,"2031-01-09T20:00:00.000Z"
81,69,120000,"2031-10-10T20:00:00.000Z"
15,12,50000,"2030-11-08T20:00:00.000Z"
98,42,120000,"2031-05-02T20:00:00.000Z"
4,7,120000,"2030-11-28T20:00:00.000Z"
79,16,35000,"2031-12-17T20:00:00.000Z"
48,84,250000,"2030-08-17T20:00:00.000Z"
31,53,20000,"2030-06-18T20:00:00.000Z"
1,64,35000,"2030-11-09T20:00:00.000Z"
25,59,75000,"2030-12-29T20:00:00.000Z"
60,23,35000,"2031-02-21T20:00:00.000Z"
93,23,250000,"2030-11-19T20:00:00.000Z"
57,92,0,"2031-11-26T20:00:00.000Z"
54,50,250000,"2030-07-28T20:00:00.000Z"
70,81,35000,"2031-12-17T20:00:00.000Z"
68,4,35000,"2031-03-01T20:00:00.000Z"
76,97,0,"2030-12-18T20:00:00.000Z"
30,64,75000,"2031-03-09T20:00:00.000Z"
25,72,50000,"2030-12-24T20:00:00.000Z"
84,73,250000,"2030-02-23T20:00:00.000Z"
53,99,250000,"2031-07-02T20:00:00.000Z"
78,5,50000,"2031-04-10T20:00:00.000Z"
24,74,0,"2031-04-07T20:00:00.000Z"
44,35,75000,"2031-11-20T20:00:00.000Z"
3,40,75000,"2031-03-06T20:00:00.000Z"
14,10,20000,"2030-03-20T20:00:00.000Z"
56,43,250000,"2030-08-16T20:00:00.000Z"
59,36,75000,"2031-05-14T20:00:00.000Z"
91,88,50000,"2030-08-14T20:00:00.000Z"
74,58,20000,"2031-05-04T20:00:00.000Z"
23,10,35000,"2030-05-14T20:00:00.000Z"
77,64,120000,"2030-12-05T20:00:00.000Z"
69,42,35000,"2030-08-23T20:00:00.000Z"
52,75,75000,"2031-06-26T20:00:00.000Z"
80,96,120000,"2030-08-10T20:00:00.000Z"
16,58,50000,"2031-10-09T20:00:00.000Z"
0,43,0,"2031-06-03T20:00:00.000Z"
22,38,250000,"2031-09-02T20:00:00.000Z"
60,11,50000,"2031-05-15T20:00:00.000Z"
92,14,20000,"2031-03-07T20:00:00.000Z"
96,76,0,"2031-08-25T20:00:00.000Z"
78,86,250000,"2030-07-06T20:00:00.000Z"
9,67,250000,"2031-09-23T20:00:00.000Z"
57,89,120000,"2031-04-11T20:00:00.000Z"
44,78,20000,"2031-07-14T20:00:00.000Z"
59,24,20000,"2031-01-15T20:00:00.000Z"
13,79,75000,"2030-11-23T20:00:00.000Z"
23,9,120000,"2030-07-08T20:00:00.000Z"
39,43,0,"2031-12-18T20:00:00.000Z"
84,25,50000,"2030-04-14T20:00:00.000Z"
36,72,35000,"2031-03-21T20:00:00.000Z"
96,76,0,"2030-07-12T20:00:00.000Z"
18,30,35000,"2031-09-27T20:00:00.000Z"
80,46,0,"2031-11-06T20:00:00.000Z"
43,89,0,"2031-08-03T20:00:00.000Z"
9,73,20000,"2031-05-31T20:00:00.000Z"
85,69,0,"2030-07-31T20:00:00.000Z"
17,23,120000,"2031-08-28T20:00:00.000Z"
38,98,120000,"2030-06-04T20:00:00.000Z"
51,71,20000,"2030-12-06T20:00:00.000Z"
50,66,250000,"2030-03-15T20:00:00.000Z"
38,87,75000,"2030-07-14T20:00:00.000Z"
92,95,75000,"2030-08-08T20:00:00.000Z"
99,34,20000,"2031-04-29T20:00:00.000Z"
54,8,0,"2031-07-22T20:00:00.000Z"
87,64,120000,"2031-06-11T20:00:00.000Z"
75,12,20000,"2030-12-12T20:00:00.000Z"
51,27,20000,"2030-10-21T20:00:00.000Z"
3,76,35000,"2030-02-28T20:00:00.000Z"
44,83,35000,"2030-12-27T20:00:00.000Z"
87,26,75000,"2031-02-15T20:00:00.000Z"
51,20,50000,"2030-05-21T20:00:00.000Z"
99,41,120000,"2030-08-05T20:00:00.000Z"
56,82,20000,"2031-12-28T20:00:00.000Z"
89,58,20000,"2030-10-31T20:00:00.000Z"
30,97,35000,"2031-02-17T20:00:00.000Z"
70,79,250000,"2030-04-28T20:00:00.000Z"
66,17,120000,"2031-02-24T20:00:00.000Z"
35,88,120000,"2030-11-08T20:00:00.000Z"
29,61,20000,"2031-05-23T20:00:00.000Z"
5,73,20000,"2030-05-15T20:00:00.000Z"
47,64,75000,"2031-08-13T20:00:00.000Z"
4,55,120000,"2030-04-25T20:00:00.000Z"
33,38,250000,"2031-09-22T20:00:00.000Z"
79,21,250000,"2030-08-18T20:00:00.000Z"
31,28,250000,"2030-08-29T20:00:00.000Z"
29,65,35000,"2031-08-04T20:00:00.000Z"
4,88,50000,"2030-03-20T20:00:00.000Z"
90,39,250000,"2030-12-16T20:00:00.000Z"
42,48,20000,"2030-05-01T20:00:00.000Z"
30,99,35000,"2031-10-22T20:00:00.000Z"
10,6,120000,"2031-03-25T20:00:00.000Z"
88,72,75000,"2030-04-30T20:00:00.000Z"
24,5,35000,"2030-11-14T20:00:00.000Z"
43,16,0,"2031-07-29T20:00:00.000Z"
57,34,0,"2031-02-25T20:00:00.000Z"
6,97,120000,"2031-09-29T20:00:00.000Z"
77,25,75000,"2031-10-13T20:00:00.000Z"
55,63,75000,"2030-04-30T20:00:00.000Z"
20,61,75000,"2030-12-18T20:00:00.000Z"
91,31,0,"2031-10-25T20:00:00.000Z"
85,88,75000,"2031-01-02T20:00:00.000Z"
33,77,120000,"2031-03-26T20:00:00.000Z"
75,34,50000,"2031-07-29T20:00:00.000Z"
37,35,20000,"2031-06-04T20:00:00.000Z"
49,34,35000,"2031-09-24T20:00:00.000Z"
55,96,35000,"2030-10-02T20:00:00.000Z"
29,62,35000,"2031-01-25T20:00:00.000Z"
14,22,75000,"2031-01-16T20:00:00.000Z"
16,68,250000,"2031-12-28T20:00:00.000Z"
40,60,35000,"2031-04-03T20:00:00.000Z"
53,24,75000,"2031-07-10T20:00:00.000Z"
0,64,0,"2031-11-01T20:00:00.000Z"
12,69,250000,"2031-06-24T20:00:00.000Z"
84,23,250000,"2030-07-22T20:00:00.000Z"
12,72,50000,"2030-07-08T20:00:00.000Z"
14,96,0,"2030-12-12T20:00:00.000Z"
74,91,250000,"2030-09-19T20:00:00.000Z"
86,54,75000,"2030-09-10T20:00:00.000Z"
96,41,50000,"2031-10-14T20:00:00.000Z"
45,25,120000,"2030-04-17T20:00:00.000Z"
77,74,0,"2030-03-18T20:00:00.000Z"
83,48,120000,"2031-04-25T20:00:00.000Z"
52,54,20000,"2030-12-16T20:00:00.000Z"
83,32,250000,"2031-11-09T20:00:00.000Z"
73,50,50000,"2031-07-12T20:00:00.000Z"
78,26,20000,"2030-10-11T20:00:00.000Z"
15,26,75000,"2031-12-25T20:00:00.000Z"
53,84,0,"2031-02-06T20:00:00.000Z"
14,45,50000,"2030-09-21T20:00:00.000Z"
73,48,50000,"2031-01-17T20:00:00.000Z"
39,73,35000,"2030-12-11T20:00:00.000Z"
44,34,75000,"2031-06-28T20:00:00.000Z"
89,92,75000,"2030-11-23T20:00:00.000Z"
2,17,120000,"2031-02-06T20:00:00.000Z"
28,18,35000,"2030-07-26T20:00:00.000Z"
41,33,20000,"2030-03-13T20:00:00.000Z"
50,30,75000,"2031-10-12T20:00:00.000Z"
59,80,50000,"2031-11-11T20:00:00.000Z"
70,96,75000,"2031-09-12T20:00:00.000Z"
54,32,50000,"2030-09-18T20:00:00.000Z"
50,16,35000,"2030-10-28T20:00:00.000Z"
31,45,250000,"2031-07-06T20:00:00.000Z"
63,61,35000,"2030-07-27T20:00:00.000Z"
56,91,120000,"2030-06-30T20:00:00.000Z"
70,28,50000,"2031-12-05T20:00:00.000Z"
29,76,250000,"2030-05-27T20:00:00.000Z"
51,91,20000,"2031-05-11T20:00:00.000Z"
3,83,20000,"2031-08-17T20:00:00.000Z"
48,71,35000,"2031-03-13T20:00:00.000Z"
19,7,35000,"2030-03-23T20:00:00.000Z"
53,98,50000,"2031-12-11T20:00:00.000Z"
79,4,120000,"2030-05-25T20:00:00.000Z"
16,88,250000,"2031-06-04T20:00:00.000Z"
53,44,35000,"2031-03-29T20:00:00.000Z"
95,28,20000,"2030-09-23T20:00:00.000Z"
14,73,0,"2031-10-19T20:00:00.000Z"
28,60,0,"2031-09-07T20:00:00.000Z"
1,74,50000,"2031-06-19T20:00:00.000Z"
41,74,0,"2031-07-22T20:00:00.000Z"
24,44,20000,"2031-06-10T20:00:00.000Z"
90,14,20000,"2030-04-26T20:00:00.000Z"
84,69,120000,"2031-07-21T20:00:00.000Z"
25,78,20000,"2031-05-12T20:00:00.000Z"
40,11,20000,"2031-12-13T20:00:00.000Z"
95,34,35000,"2031-10-03T20:00:00.000Z"
99,95,250000,"2030-02-23T20:00:00.000Z"
79,38,35000,"2030-11-05T20:00:00.000Z"
38,11,75000,"2030-08-23T20:00:00.000Z"
50,59,75000,"2030-05-11T20:00:00.000Z"
58,14,75000,"2030-09-12T20:00:00.000Z"
69,14,120000,"2031-09-20T20:00:00.000Z"
70,34,250000,"2030-03-10T20:00:00.000Z"
11,98,20000,"2030-08-28T20:00:00.000Z"
13,94,0,"2031-01-15T20:00:00.000Z"
23,36,75000,"2030-02-06T20:00:00.000Z"
99,29,250000,"2030-02-01T20:00:00.000Z"
11,29,0,"2031-03-06T20:00:00.000Z"
93,15,250000,"2030-03-24T20:00:00.000Z"
64,10,250000,"2031-01-09T20:00:00.000Z"
26,7,120000,"2031-08-09T20:00:00.000Z"
96,9,0,"2031-04-10T20:00:00.000Z"
30,74,20000,"2031-07-08T20:00:00.000Z"
39,20,120000,"2030-05-07T20:00:00.000Z"
21,50,120000,"2031-03-01T20:00:00.000Z"
49,79,20000,"2030-04-11T20:00:00.000Z"
93,89,250000,"2031-12-16T20:00:00.000Z"
54,42,50000,"2031-02-26T20:00:00.000Z"
59,19,35000,"2031-01-06T20:00:00.000Z"
29,73,250000,"2030-07-07T20:00:00.000Z"
18,12,120000,"2031-02-17T20:00:00.000Z"
2,42,120000,"2031-06-10T20:00:00.000Z"
48,54,75000,"2030-09-27T20:00:00.000Z"
96,20,0,"2030-09-11T20:00:00.000Z"
40,27,50000,"2030-04-23T20:00:00.000Z"
94,88,250000,"2030-11-28T20:00:00.000Z"
58,87,35000,"2030-03-21T20:00:00.000Z"
45,51,250000,"2030-11-04T20:00:00.000Z"
26,63,20000,"2031-08-16T20:00:00.000Z"
93,54,75000,"2030-02-27T20:00:00.000Z"
57,45,50000,"2030-09-29T20:00:00.000Z"
39,10,120000,"2031-06-08T20:00:00.000Z"
3,96,250000,"2031-06-22T20:00:00.000Z"
42,27,75000,"2031-09-30T20:00:00.000Z"
40,55,35000,"2030-04-26T20:00:00.000Z"
38,53,50000,"2030-09-02T20:00:00.000Z"
90,58,35000,"2031-03-06T20:00:00.000Z"
0,12,75000,"2031-09-10T20:00:00.000Z"
60,55,35000,"2030-07-03T20:00:00.000Z"
29,61,0,"2031-04-14T20:00:00.000Z"
31,41,250000,"2030-05-28T20:00:00.000Z"
68,40,20000,"2030-02-17T20:00:00.000Z"
59,93,250000,"2031-09-25T20:00:00.000Z"
59,41,250000,"2030-02-14T20:00:00.000Z"
25,5,120000,"2030-02-26T20:00:00.000Z"
22,72,50000,"2030-06-25T20:00:00.000Z"
0,41,35000,"2030-07-27T20:00:00.000Z"
69,36,20000,"2030-09-26T20:00:00.000Z"
57,84,75000,"2031-12-03T20:00:00.000Z"
47,8,120000,"2030-12-08T20:00:00.000Z"
99,97,50000,"2030-05-11T20:00:00.000Z"
18,29,20000,"2031-01-10T20:00:00.000Z"
30,89,75000,"2031-02-10T20:00:00.000Z"
63,92,120000,"2031-04-18T20:00:00.000Z"
53,90,50000,"2030-10-22T20:00:00.000Z"
22,50,50000,"2031-12-31T20:00:00.000Z"
97,21,120000,"2031-07-10T20:00:00.000Z"
63,17,20000,"2030-03-16T20:00:00.000Z"
77,89,35000,"2030-12-25T20:00:00.000Z"
81,83,0,"2031-03-03T20:00:00.000Z"
89,71,120000,"2031-02-10T20:00:00.000Z"
36,32,50000,"2031-12-28T20:00:00.000Z"
28,11,35000,"2030-05-23T20:00:00.000Z"
11,69,50000,"2031-04-24T20:00:00.000Z"
49,28,35000,"2030-09-21T20:00:00.000Z"
7,50,120000,"2030-06-24T20:00:00.000Z"
44,21,0,"2031-12-17T20:00:00.000Z"
74,19,0,"2031-12-16T20:00:00.000Z"
65,87,50000,"2031-05-03T20:00:00.000Z"
62,52,120000,"2031-03-02T20:00:00.000Z"
68,44,20000,"2031-08-21T20:00:00.000Z"
13,11,250000,"2030-06-17T20:00:00.000Z"
95,55,0,"2031-04-24T20:00:00.000Z"
80,95,0,"2031-03-18T20:00:00.000Z"
83,67,250000,"2030-12-14T20:00:00.000Z"
79,6,250000,"2030-10-04T20:00:00.000Z"
6,53,120000,"2031-04-22T20:00:00.000Z"
68,16,120000,"2030-02-02T20:00:00.000Z"
46,52,50000,"2030-06-06T20:00:00.000Z"
65,46,120000,"2031-01-08T20:00:00.000Z"
99,29,75000,"2031-07-06T20:00:00.000Z"
88,41,120000,"2030-09-08T20:00:00.000Z"
11,32,50000,"2030-09-05T20:00:00.000Z"
36,65,120000,"2030-06-25T20:00:00.000Z"
43,58,50000,"2030-10-27T20:00:00.000Z"
92,88,35000,"2030-10-11T20:00:00.000Z"
70,26,50000,"2031-07-18T20:00:00.000Z"
62,93,0,"2030-07-10T20:00:00.000Z"
7,54,250000,"2031-09-25T20:00:00.000Z"
47,77,120000,"2031-10-12T20:00:00.000Z"
76,43,50000,"2031-04-07T20:00:00.000Z"
45,66,0,"2031-11-28T20:00:00.000Z"
90,70,75000,"2031-11-11T20:00:00.000Z"
76,34,20000,"2030-03-31T20:00:00.000Z"
80,85,35000,"2031-05-25T20:00:00.000Z"
55,27,35000,"2030-02-13T20:00:00.000Z"
50,11,35000,"2030-09-28T20:00:00.000Z"
80,96,0,"2030-06-10T20:00:00.000Z"
60,57,50000,"2030-03-20T20:00:00.000Z"
60,34,250000,"2031-10-10T20:00:00.000Z"
42,33,0,"2030-12-06T20:00:00.000Z"
74,20,250000,"2030-02-02T20:00:00.000Z"
50,72,0,"2031-06-21T20:00:00.000Z"
55,69,0,"2030-10-06T20:00:00.000Z"
40,56,50000,"2031-05-27T20:00:00.000Z"
16,89,0,"2031-01-14T20:00:00.000Z"
77,56,50000,"2030-02-10T20:00:00.000Z"
96,43,20000,"2030-06-10T20:00:00.000Z"
78,67,75000,"2030-07-20T20:00:00.000Z"
43,17,0,"2030-09-28T20:00:00.000Z"
86,57,20000,"2030-08-21T20:00:00.000Z"
30,98,0,"2031-04-07T20:00:00.000Z"
73,24,20000,"2031-02-05T20:00:00.000Z"
96,53,20000,"2031-01-07T20:00:00.000Z"
75,50,120000,"2030-12-01T20:00:00.000Z"
25,19,75000,"2031-11-22T20:00:00.000Z"
60,68,0,"2031-08-05T20:00:00.000Z"
53,93,250000,"2031-06-16T20:00:00.000Z"
26,40,50000,"2030-12-04T20:00:00.000Z"
5,38,0,"2030-03-28T20:00:00.000Z"
26,25,120000,"2031-04-26T20:00:00.000Z"
64,83,35000,"2030-06-30T20:00:00.000Z"
34,73,0,"2031-11-30T20:00:00.000Z"
77,40,75000,"2030-04-28T20:00:00.000Z"
33,11,20000,"2031-05-16T20:00:00.000Z"
78,23,120000,"2030-05-01T20:00:00.000Z"
41,42,0,"2031-09-27T20:00:00.000Z"
64,70,120000,"2031-11-01T20:00:00.000Z"
60,45,75000,"2031-11-27T20:00:00.000Z"
76,77,20000,"2030-05-03T20:00:00.000Z"
66,89,250000,"2031-09-09T20:00:00.000Z"
37,37,0,"2031-03-20T20:00:00.000Z"
25,46,75000,"2031-04-19T20:00:00.000Z"
2,79,120000,"2031-12-16T20:00:00.000Z"
37,14,250000,"2031-10-23T20:00:00.000Z"
47,23,250000,"2030-05-28T20:00:00.000Z"
20,47,35000,"2031-01-19T20:00:00.000Z"
93,35,250000,"2030-03-26T20:00:00.000Z"
19,85,75000,"2031-12-26T20:00:00.000Z"
53,89,75000,"2030-04-04T20:00:00.000Z"
45,98,250000,"2031-02-19T20:00:00.000Z"
14,36,50000,"2030-03-05T20:00:00.000Z"
50,35,0,"2031-02-03T20:00:00.000Z"
55,79,75000,"2031-08-09T20:00:00.000Z"
32,72,20000,"2031-01-20T20:00:00.000Z"
86,57,250000,"2030-08-17T20:00:00.000Z"
69,77,120000,"2031-12-04T20:00:00.000Z"
26,30,250000,"2030-08-06T20:00:00.000Z"
86,71,250000,"2030-12-05T20:00:00.000Z"
15,71,35000,"2031-01-27T20:00:00.000Z"
50,6,35000,"2030-10-05T20:00:00.000Z"
44,72,35000,"2031-04-13T20:00:00.000Z"
6,35,50000,"2030-08-25T20:00:00.000Z"
30,47,75000,"2030-10-19T20:00:00.000Z"
29,6,75000,"2031-11-13T20:00:00.000Z"
18,43,120000,"2031-05-04T20:00:00.000Z"
24,45,0,"2030-12-21T20:00:00.000Z"
10,63,120000,"2031-11-27T20:00:00.000Z"
40,58,75000,"2031-04-26T20:00:00.000Z"
28,87,20000,"2030-10-31T20:00:00.000Z"
33,31,50000,"2030-10-02T20:00:00.000Z"
13,8,250000,"2030-10-10T20:00:00.000Z"
43,42,75000,"2031-06-27T20:00:00.000Z"
48,65,50000,"2031-05-17T20:00:00.000Z"
18,76,75000,"2031-11-06T20:00:00.000Z"
13,91,0,"2030-09-03T20:00:00.000Z"
56,48,75000,"2030-08-22T20:00:00.000Z"
81,60,20000,"2031-06-11T20:00:00.000Z"
89,28,50000,"2030-08-20T20:00:00.000Z"
27,46,50000,"2031-04-28T20:00:00.000Z"
88,79,250000,"2031-09-03T20:00:00.000Z"
90,83,20000,"2031-04-22T20:00:00.000Z"
10,97,50000,"2030-07-26T20:00:00.000Z"
48,37,35000,"2031-11-19T20:00:00.000Z"
67,59,20000,"2031-09-07T20:00:00.000Z"
32,79,0,"2030-04-03T20:00:00.000Z"
32,72,120000,"2031-10-05T20:00:00.000Z"
74,68,50000,"2030-02-17T20:00:00.000Z"
73,38,120000,"2030-09-20T20:00:00.000Z"
81,36,20000,"2031-07-11T20:00:00.000Z"
23,17,75000,"2030-02-26T20:00:00.000Z"
43,84,20000,"2031-03-13T20:00:00.000Z"
72,0,250000,"2030-12-14T20:00:00.000Z"
69,85,250000,"2031-11-13T20:00:00.000Z"
1,86,20000,"2030-02-06T20:00:00.000Z"
61,83,50000,"2031-05-23T20:00:00.000Z"
42,68,50000,"2031-12-25T20:00:00.000Z"
12,13,75000,"2030-04-18T20:00:00.000Z"
65,23,120000,"2030-01-31T20:00:00.000Z"
36,17,20000,"2030-10-14T20:00:00.000Z"
7,9,120000,"2031-12-09T20:00:00.000Z"
40,67,0,"2031-01-31T20:00:00.000Z"
22,70,0,"2031-06-28T20:00:00.000Z"
7,1,120000,"2030-06-15T20:00:00.000Z"
69,43,0,"2030-06-15T20:00:00.000Z"
32,58,0,"2031-06-05T20:00:00.000Z"
25,76,0,"2030-02-01T20:00:00.000Z"
74,21,35000,"2031-08-23T20:00:00.000Z"
38,48,250000,"2031-09-08T20:00:00.000Z"
46,70,20000,"2030-03-05T20:00:00.000Z"
0,99,35000,"2030-07-12T20:00:00.000Z"
35,35,20000,"2031-02-01T20:00:00.000Z"
63,65,75000,"2031-12-12T20:00:00.000Z"
50,64,120000,"2030-11-04T20:00:00.000Z"
77,16,75000,"2030-03-04T20:00:00.000Z"
9,84,75000,"2031-09-07T20:00:00.000Z"
65,6,20000,"2030-05-23T20:00:00.000Z"
51,86,75000,"2031-03-09T20:00:00.000Z"
24,25,0,"2031-09-01T20:00:00.000Z"
77,98,120000,"2030-02-21T20:00:00.000Z"
65,60,20000,"2031-12-29T20:00:00.000Z"
31,75,250000,"2031-12-07T20:00:00.000Z"
76,58,250000,"2030-08-12T20:00:00.000Z"
3,97,75000,"2031-06-27T20:00:00.000Z"
20,99,20000,"2031-05-23T20:00:00.000Z"
73,63,75000,"2030-03-19T20:00:00.000Z"
67,78,0,"2031-12-18T20:00:00.000Z"
74,4,50000,"2030-12-19T20:00:00.000Z"
50,84,250000,"2031-03-12T20:00:00.000Z"
98,89,0,"2030-03-17T20:00:00.000Z"
60,95,0,"2031-12-15T20:00:00.000Z"
25,48,20000,"2030-06-18T20:00:00.000Z"
69,71,20000,"2031-08-01T20:00:00.000Z"
90,98,0,"2030-10-23T20:00:00.000Z"
82,63,35000,"2030-08-29T20:00:00.000Z"
74,71,120000,"2031-11-27T20:00:00.000Z"
23,18,50000,"2031-05-16T20:00:00.000Z"
32,53,250000,"2030-07-20T20:00:00.000Z"
51,95,20000,"2031-03-06T20:00:00.000Z"
51,31,120000,"2030-09-08T20:00:00.000Z"
10,90,75000,"2031-01-04T20:00:00.000Z"
36,39,50000,"2030-07-27T20:00:00.000Z"
8,62,120000,"2031-02-07T20:00:00.000Z"
32,16,0,"2030-02-22T20:00:00.000Z"
24,68,0,"2031-09-29T20:00:00.000Z"
73,69,50000,"2031-11-18T20:00:00.000Z"
51,3,20000,"2031-04-14T20:00:00.000Z"
66,41,120000,"2031-02-25T20:00:00.000Z"
74,51,20000,"2030-12-11T20:00:00.000Z"
5,88,0,"2030-09-12T20:00:00.000Z"
65,33,20000,"2031-02-25T20:00:00.000Z"
12,60,35000,"2031-04-10T20:00:00.000Z"
25,68,35000,"2030-11-06T20:00:00.000Z"
17,86,120000,"2031-01-01T20:00:00.000Z"
49,43,35000,"2031-09-17T20:00:00.000Z"
63,71,75000,"2031-08-06T20:00:00.000Z"
24,78,120000,"2031-12-21T20:00:00.000Z"
47,96,250000,"2030-04-17T20:00:00.000Z"
56,12,20000,"2030-11-12T20:00:00.000Z"
85,23,35000,"2030-02-19T20:00:00.000Z"
32,80,20000,"2030-05-09T20:00:00.000Z"
18,8,20000,"2030-04-01T20:00:00.000Z"
14,11,50000,"2030-03-31T20:00:00.000Z"
42,20,20000,"2030-08-05T20:00:00.000Z"
57,19,250000,"2030-02-22T20:00:00.000Z"
70,68,50000,"2030-02-22T20:00:00.000Z"
66,10,75000,"2030-07-22T20:00:00.000Z"
30,29,50000,"2031-11-29T20:00:00.000Z"
83,91,35000,"2031-04-02T20:00:00.000Z"
89,89,0,"2031-10-02T20:00:00.000Z"
98,84,75000,"2030-09-14T20:00:00.000Z"
10,86,75000,"2031-04-18T20:00:00.000Z"
2,50,120000,"2030-06-04T20:00:00.000Z"
41,58,50000,"2030-11-04T20:00:00.000Z"
66,17,0,"2030-10-25T20:00:00.000Z"
35,2,120000,"2031-01-08T20:00:00.000Z"
48,14,75000,"2031-12-02T20:00:00.000Z"
1,36,35000,"2031-09-06T20:00:00.000Z"
36,12,75000,"2031-05-28T20:00:00.000Z"
84,69,250000,"2031-11-10T20:00:00.000Z"
22,71,120000,"2031-04-29T20:00:00.000Z"
84,73,75000,"2030-11-05T20:00:00.000Z"
7,95,20000,"2030-08-04T20:00:00.000Z"
94,68,0,"2030-04-22T20:00:00.000Z"
31,89,50000,"2031-12-20T20:00:00.000Z"
80,6,120000,"2031-09-27T20:00:00.000Z"
46,24,50000,"2030-12-14T20:00:00.000Z"
88,71,75000,"2031-03-07T20:00:00.000Z"
12,13,75000,"2030-09-02T20:00:00.000Z"
81,72,0,"2030-04-27T20:00:00.000Z"
22,88,50000,"2031-01-03T20:00:00.000Z"
10,54,0,"2031-06-09T20:00:00.000Z"
68,83,250000,"2030-04-26T20:00:00.000Z"
14,9,120000,"2031-07-07T20:00:00.000Z"
30,24,75000,"2030-02-17T20:00:00.000Z"
53,96,50000,"2030-10-31T20:00:00.000Z"
98,30,250000,"2031-05-10T20:00:00.000Z"
71,65,250000,"2031-02-20T20:00:00.000Z"
29,13,120000,"2031-07-19T20:00:00.000Z"
93,90,75000,"2031-01-31T20:00:00.000Z"
29,89,0,"2030-12-13T20:00:00.000Z"
45,4,20000,"2030-05-19T20:00:00.000Z"
70,94,20000,"2031-11-29T20:00:00.000Z"
18,47,0,"2031-03-17T20:00:00.000Z"
43,3,20000,"2031-09-28T20:00:00.000Z"
53,13,75000,"2031-02-18T20:00:00.000Z"
29,65,0,"2031-12-18T20:00:00.000Z"
61,6,250000,"2030-07-02T20:00:00.000Z"
15,28,120000,"2031-05-29T20:00:00.000Z"
75,5,20000,"2031-05-01T20:00:00.000Z"
34,91,75000,"2031-11-12T20:00:00.000Z"
30,33,50000,"2031-07-17T20:00:00.000Z"
39,42,250000,"2031-06-03T20:00:00.000Z"
81,29,250000,"2031-10-05T20:00:00.000Z"
4,14,20000,"2030-05-10T20:00:00.000Z"
41,34,75000,"2031-09-09T20:00:00.000Z"
62,47,20000,"2030-06-17T20:00:00.000Z"
63,75,250000,"2031-05-28T20:00:00.000Z"
71,51,120000,"2031-08-02T20:00:00.000Z"
45,60,250000,"2031-10-25T20:00:00.000Z"
12,80,75000,"2031-03-22T20:00:00.000Z"
68,79,75000,"2030-06-06T20:00:00.000Z"
19,8,35000,"2030-11-08T20:00:00.000Z"
66,9,250000,"2031-08-24T20:00:00.000Z"
36,17,20000,"2031-12-09T20:00:00.000Z"
27,30,120000,"2031-04-06T20:00:00.000Z"
12,83,20000,"2031-01-08T20:00:00.000Z"
25,39,250000,"2030-11-01T20:00:00.000Z"
23,79,120000,"2031-04-10T20:00:00.000Z"
86,78,120000,"2030-02-03T20:00:00.000Z"
24,72,250000,"2030-03-07T20:00:00.000Z"
78,66,250000,"2031-12-15T20:00:00.000Z"
39,38,120000,"2031-04-28T20:00:00.000Z"
40,37,75000,"2031-05-10T20:00:00.000Z"
73,76,35000,"2030-05-21T20:00:00.000Z"
41,79,20000,"2031-12-30T20:00:00.000Z"
61,27,75000,"2031-01-08T20:00:00.000Z"
63,93,50000,"2031-07-29T20:00:00.000Z"
50,6,20000,"2031-01-30T20:00:00.000Z"
26,41,35000,"2031-02-10T20:00:00.000Z"
4,38,75000,"2031-01-23T20:00:00.000Z"
37,13,0,"2031-12-05T20:00:00.000Z"
51,93,120000,"2030-03-01T20:00:00.000Z"
70,96,35000,"2031-10-11T20:00:00.000Z"
53,38,50000,"2031-02-18T20:00:00.000Z"
86,46,50000,"2031-08-30T20:00:00.000Z"
10,88,35000,"2030-10-28T20:00:00.000Z"
68,74,75000,"2030-04-13T20:00:00.000Z"
96,68,75000,"2031-01-03T20:00:00.000Z"
6,30,20000,"2031-02-03T20:00:00.000Z"
27,75,0,"2031-02-10T20:00:00.000Z"
0,1,75000,"2031-03-27T20:00:00.000Z"
55,53,120000,"2031-08-08T20:00:00.000Z"
99,5,0,"2030-10-03T20:00:00.000Z"
2,72,75000,"2030-10-10T20:00:00.000Z"
69,3,0,"2031-05-18T20:00:00.000Z"
15,8,50000,"2030-04-27T20:00:00.000Z"
98,10,35000,"2030-08-02T20:00:00.000Z"
64,40,75000,"2030-06-02T20:00:00.000Z"
25,12,0,"2030-04-04T20:00:00.000Z"
58,41,50000,"2031-09-17T20:00:00.000Z"
4,94,50000,"2030-12-22T20:00:00.000Z"
5,88,35000,"2030-08-28T20:00:00.000Z"
1,71,20000,"2031-04-21T20:00:00.000Z"
93,64,250000,"2031-04-20T20:00:00.000Z"
17,24,0,"2031-12-11T20:00:00.000Z"
9,80,75000,"2031-04-18T20:00:00.000Z"
45,45,35000,"2031-05-26T20:00:00.000Z"
86,95,250000,"2031-12-29T20:00:00.000Z"
62,87,50000,"2030-05-21T20:00:00.000Z"
83,43,35000,"2030-06-18T20:00:00.000Z"
46,22,120000,"2031-07-22T20:00:00.000Z"
93,68,75000,"2031-09-26T20:00:00.000Z"
28,99,120000,"2030-09-24T20:00:00.000Z"
90,67,120000,"2031-06-21T20:00:00.000Z"
71,20,0,"2030-04-20T20:00:00.000Z"
93,36,20000,"2030-05-11T20:00:00.000Z"
91,10,50000,"2030-09-07T20:00:00.000Z"
79,20,120000,"2030-06-13T20:00:00.000Z"
92,98,0,"2030-07-15T20:00:00.000Z"
14,79,20000,"2030-08-19T20:00:00.000Z"
52,10,75000,"2031-11-22T20:00:00.000Z"
19,47,250000,"2030-11-10T20:00:00.000Z"
20,57,250000,"2031-01-05T20:00:00.000Z"
69,11,75000,"2031-09-14T20:00:00.000Z"
65,39,250000,"2031-06-09T20:00:00.000Z"
24,81,75000,"2031-02-23T20:00:00.000Z"
36,48,250000,"2031-03-30T20:00:00.000Z"
85,83,0,"2030-02-23T20:00:00.000Z"
69,86,50000,"2030-07-30T20:00:00.000Z"
90,44,75000,"2031-07-27T20:00:00.000Z"
18,79,0,"2030-09-02T20:00:00.000Z"
35,93,120000,"2030-08-26T20:00:00.000Z"
18,3,75000,"2030-02-01T20:00:00.000Z"
26,61,250000,"2031-06-10T20:00:00.000Z"
80,19,0,"2031-08-29T20:00:00.000Z"
69,92,0,"2031-09-29T20:00:00.000Z"
16,6,120000,"2031-04-25T20:00:00.000Z"
82,58,250000,"2030-03-20T20:00:00.000Z"
97,8,250000,"2030-12-27T20:00:00.000Z"
46,85,0,"2030-09-19T20:00:00.000Z"
43,83,0,"2031-07-14T20:00:00.000Z"
82,74,75000,"2030-06-25T20:00:00.000Z"
39,60,250000,"2030-07-09T20:00:00.000Z"
62,44,20000,"2030-06-14T20:00:00.000Z"
89,1,75000,"2030-09-30T20:00:00.000Z"
54,65,250000,"2031-05-13T20:00:00.000Z"
99,70,75000,"2030-08-08T20:00:00.000Z"
88,11,20000,"2030-11-25T20:00:00.000Z"
87,10,120000,"2030-11-17T20:00:00.000Z"
66,10,35000,"2031-07-11T20:00:00.000Z"
30,22,35000,"2031-02-24T20:00:00.000Z"
93,5,20000,"2030-03-10T20:00:00.000Z"
40,53,20000,"2031-01-25T20:00:00.000Z"
50,18,120000,"2030-04-01T20:00:00.000Z"
72,92,0,"2030-10-22T20:00:00.000Z"
82,27,20000,"2031-06-04T20:00:00.000Z"
58,69,75000,"2030-09-08T20:00:00.000Z"
38,35,20000,"2030-06-05T20:00:00.000Z"
82,58,35000,"2031-11-11T20:00:00.000Z"
23,67,50000,"2030-05-11T20:00:00.000Z"
81,98,0,"2030-06-01T20:00:00.000Z"
94,48,75000,"2031-12-22T20:00:00.000Z"
72,3,20000,"2031-09-25T20:00:00.000Z"
81,11,75000,"2031-10-25T20:00:00.000Z"
20,93,75000,"2031-05-25T20:00:00.000Z"
41,93,250000,"2030-12-26T20:00:00.000Z"
31,22,35000,"2031-09-21T20:00:00.000Z"
47,47,20000,"2031-08-02T20:00:00.000Z"
80,20,35000,"2030-07-26T20:00:00.000Z"
97,60,50000,"2030-05-28T20:00:00.000Z"
64,31,120000,"2030-06-03T20:00:00.000Z"
70,71,120000,"2030-12-05T20:00:00.000Z"
96,69,120000,"2031-04-26T20:00:00.000Z"
0,2,0,"2031-07-06T20:00:00.000Z"
19,70,50000,"2030-07-19T20:00:00.000Z"
90,92,75000,"2031-11-23T20:00:00.000Z"
62,57,35000,"2031-02-27T20:00:00.000Z"
49,37,0,"2031-03-06T20:00:00.000Z"
20,9,35000,"2030-06-03T20:00:00.000Z"
67,40,250000,"2030-09-30T20:00:00.000Z"
66,36,75000,"2030-06-18T20:00:00.000Z"
23,59,50000,"2030-08-04T20:00:00.000Z"
98,58,50000,"2030-10-25T20:00:00.000Z"
14,72,20000,"2030-07-13T20:00:00.000Z"
14,98,120000,"2031-08-17T20:00:00.000Z"
24,39,50000,"2030-08-11T20:00:00.000Z"
20,69,35000,"2030-04-09T20:00:00.000Z"
24,77,20000,"2030-08-28T20:00:00.000Z"
68,82,120000,"2030-07-24T20:00:00.000Z"
0,36,120000,"2030-11-27T20:00:00.000Z"
26,46,20000,"2031-12-04T20:00:00.000Z"
10,85,120000,"2031-10-22T20:00:00.000Z"
76,83,250000,"2031-03-12T20:00:00.000Z"
80,1,50000,"2031-01-19T20:00:00.000Z"
52,47,50000,"2031-03-07T20:00:00.000Z"
25,70,250000,"2031-04-09T20:00:00.000Z"
99,51,250000,"2031-03-17T20:00:00.000Z"
5,84,35000,"2031-08-02T20:00:00.000Z"
70,94,75000,"2030-03-09T20:00:00.000Z"
4,57,250000,"2031-09-06T20:00:00.000Z"
48,4,0,"2030-10-15T20:00:00.000Z"
57,37,0,"2031-04-10T20:00:00.000Z"
11,78,50000,"2031-04-09T20:00:00.000Z"
87,30,250000,"2030-08-06T20:00:00.000Z"
12,33,20000,"2031-10-16T20:00:00.000Z"
93,26,0,"2030-02-04T20:00:00.000Z"
4,64,0,"2030-04-29T20:00:00.000Z"
55,37,35000,"2031-03-02T20:00:00.000Z"
89,5,0,"2031-02-19T20:00:00.000Z"
77,35,120000,"2030-04-29T20:00:00.000Z"
1,0,75000,"2031-04-30T20:00:00.000Z"
59,98,75000,"2031-09-14T20:00:00.000Z"
19,74,50000,"2031-06-28T20:00:00.000Z"
5,67,0,"2031-11-09T20:00:00.000Z"
11,19,250000,"2030-02-24T20:00:00.000Z"
53,5,20000,"2030-08-05T20:00:00.000Z"
13,81,35000,"2030-10-30T20:00:00.000Z"
45,60,50000,"2031-05-12T20:00:00.000Z"
33,52,0,"2030-12-23T20:00:00.000Z"
24,39,120000,"2031-03-20T20:00:00.000Z"
89,69,75000,"2031-03-11T20:00:00.000Z"
62,85,20000,"2031-01-16T20:00:00.000Z"
82,25,250000,"2030-02-19T20:00:00.000Z"
23,64,75000,"2031-07-07T20:00:00.000Z"
95,79,35000,"2030-03-02T20:00:00.000Z"
51,55,120000,"2030-02-16T20:00:00.000Z"
25,75,35000,"2030-08-02T20:00:00.000Z"
97,45,50000,"2030-10-30T20:00:00.000Z"
49,66,0,"2031-07-27T20:00:00.000Z"
69,35,50000,"2031-09-10T20:00:00.000Z"
13,48,120000,"2031-07-03T20:00:00.000Z"
21,46,50000,"2030-12-19T20:00:00.000Z"
64,97,250000,"2031-02-28T20:00:00.000Z"
66,40,20000,"2030-04-27T20:00:00.000Z"
6,11,0,"2031-04-09T20:00:00.000Z"
27,37,50000,"2031-07-17T20:00:00.000Z"
84,64,50000,"2031-03-04T20:00:00.000Z"
14,49,50000,"2030-06-10T20:00:00.000Z"
10,56,75000,"2030-06-22T20:00:00.000Z"
36,7,50000,"2031-01-16T20:00:00.000Z"
11,84,75000,"2031-10-11T20:00:00.000Z"
42,8,75000,"2030-02-22T20:00:00.000Z"
8,5,35000,"2031-01-24T20:00:00.000Z"
93,60,250000,"2031-10-01T20:00:00.000Z"
38,13,250000,"2030-04-05T20:00:00.000Z"
66,36,35000,"2031-11-11T20:00:00.000Z"
88,19,75000,"2031-09-08T20:00:00.000Z"
92,31,250000,"2031-03-25T20:00:00.000Z"
81,43,0,"2031-09-07T20:00:00.000Z"
18,32,35000,"2031-12-01T20:00:00.000Z"
76,2,20000,"2030-08-31T20:00:00.000Z"
10,86,50000,"2031-01-29T20:00:00.000Z"
10,16,250000,"2030-10-18T20:00:00.000Z"
80,81,50000,"2031-03-18T20:00:00.000Z"
67,9,50000,"2030-12-09T20:00:00.000Z"
42,30,20000,"2030-05-02T20:00:00.000Z"
79,26,0,"2030-05-08T20:00:00.000Z"
12,61,120000,"2030-07-18T20:00:00.000Z"
58,49,120000,"2031-07-10T20:00:00.000Z"
25,14,0,"2030-05-19T20:00:00.000Z"
59,26,35000,"2030-09-12T20:00:00.000Z"
90,46,20000,"2031-09-08T20:00:00.000Z"
77,97,50000,"2030-07-14T20:00:00.000Z"
76,40,20000,"2030-04-18T20:00:00.000Z"
68,37,75000,"2030-11-10T20:00:00.000Z"
28,19,75000,"2030-10-19T20:00:00.000Z"
14,95,250000,"2031-12-31T20:00:00.000Z"
17,69,0,"2031-09-26T20:00:00.000Z"
2,49,35000,"2031-07-07T20:00:00.000Z"
16,70,35000,"2031-01-02T20:00:00.000Z"
54,60,120000,"2031-08-09T20:00:00.000Z"
13,25,120000,"2030-06-15T20:00:00.000Z"
68,33,0,"2030-05-03T20:00:00.000Z"
50,8,20000,"2031-12-20T20:00:00.000Z"
8,90,0,"2031-03-15T20:00:00.000Z"
97,3,120000,"2030-10-13T20:00:00.000Z"
13,42,50000,"2030-09-28T20:00:00.000Z"
60,66,35000,"2030-12-24T20:00:00.000Z"
43,71,35000,"2030-04-13T20:00:00.000Z"
7,75,50000,"2031-05-19T20:00:00.000Z"
57,21,75000,"2031-06-15T20:00:00.000Z"
46,6,75000,"2031-09-10T20:00:00.000Z"
15,85,0,"2030-11-28T20:00:00.000Z"
12,96,20000,"2030-02-21T20:00:00.000Z"
23,12,250000,"2031-06-05T20:00:00.000Z"
5,27,0,"2031-10-14T20:00:00.000Z"
98,10,35000,"2031-02-11T20:00:00.000Z"
46,8,120000,"2031-01-12T20:00:00.000Z"
70,60,20000,"2030-12-01T20:00:00.000Z"
67,68,50000,"2031-09-17T20:00:00.000Z"
17,34,35000,"2031-09-24T20:00:00.000Z"
38,51,50000,"2031-09-29T20:00:00.000Z"
23,20,75000,"2030-08-25T20:00:00.000Z"
20,20,75000,"2031-12-10T20:00:00.000Z"
78,55,50000,"2031-09-22T20:00:00.000Z"
47,66,75000,"2030-07-09T20:00:00.000Z"
2,62,35000,"2030-12-22T20:00:00.000Z"
47,25,250000,"2030-03-16T20:00:00.000Z"
2,92,0,"2031-03-11T20:00:00.000Z"
87,1,120000,"2031-01-28T20:00:00.000Z"
59,78,35000,"2031-01-12T20:00:00.000Z"
54,90,0,"2030-03-30T20:00:00.000Z"
51,87,20000,"2030-07-01T20:00:00.000Z"
63,19,20000,"2030-04-04T20:00:00.000Z"
3,88,35000,"2031-09-30T20:00:00.000Z"
2,85,0,"2031-05-17T20:00:00.000Z"
67,16,120000,"2031-05-24T20:00:00.000Z"
2,3,250000,"2030-08-12T20:00:00.000Z"
37,48,50000,"2031-02-25T20:00:00.000Z"
40,58,20000,"2031-07-03T20:00:00.000Z"
95,89,75000,"2030-05-22T20:00:00.000Z"
79,64,20000,"2031-11-23T20:00:00.000Z"
84,53,20000,"2031-03-25T20:00:00.000Z"
32,33,20000,"2030-02-07T20:00:00.000Z"
18,62,0,"2031-05-12T20:00:00.000Z"
58,43,0,"2030-03-20T20:00:00.000Z"
20,45,0,"2031-04-21T20:00:00.000Z"
94,21,250000,"2031-03-22T20:00:00.000Z"
91,43,50000,"2031-04-11T20:00:00.000Z"
13,24,250000,"2030-08-20T20:00:00.000Z"
10,21,75000,"2031-01-17T20:00:00.000Z"
19,28,35000,"2031-02-16T20:00:00.000Z"
67,92,0,"2030-11-11T20:00:00.000Z"
66,32,120000,"2030-12-22T20:00:00.000Z"
30,36,0,"2031-07-22T20:00:00.000Z"
14,55,0,"2030-11-29T20:00:00.000Z"
33,35,50000,"2031-11-11T20:00:00.000Z"
14,48,250000,"2030-07-30T20:00:00.000Z"
7,11,0,"2030-09-07T20:00:00.000Z"
27,10,75000,"2031-10-16T20:00:00.000Z"
36,66,250000,"2030-06-02T20:00:00.000Z"
66,8,35000,"2031-05-18T20:00:00.000Z"
45,38,120000,"2031-10-11T20:00:00.000Z"
81,10,50000,"2030-06-13T20:00:00.000Z"
19,53,120000,"2031-08-08T20:00:00.000Z"
67,13,35000,"2031-04-23T20:00:00.000Z"
57,89,50000,"2031-05-07T20:00:00.000Z"
4,91,250000,"2031-08-13T20:00:00.000Z"
51,47,120000,"2031-04-19T20:00:00.000Z"
34,35,35000,"2031-02-19T20:00:00.000Z"
1,20,50000,"2031-08-18T20:00:00.000Z"
60,12,250000,"2031-11-21T20:00:00.000Z"
57,85,20000,"2030-09-14T20:00:00.000Z"
87,22,75000,"2031-09-17T20:00:00.000Z"
2,78,120000,"2030-03-10T20:00:00.000Z"
82,63,35000,"2030-05-27T20:00:00.000Z"
50,98,35000,"2031-09-05T20:00:00.000Z"
77,4,75000,"2031-03-13T20:00:00.000Z"
93,4,0,"2030-07-23T20:00:00.000Z"
98,67,250000,"2031-10-23T20:00:00.000Z"
63,20,75000,"2030-02-13T20:00:00.000Z"
23,3,120000,"2031-11-27T20:00:00.000Z"
39,47,50000,"2031-10-29T20:00:00.000Z"
72,92,250000,"2030-02-16T20:00:00.000Z"
77,87,20000,"2030-06-29T20:00:00.000Z"
36,34,120000,"2031-10-21T20:00:00.000Z"
73,62,20000,"2031-08-20T20:00:00.000Z"
25,54,35000,"2030-11-21T20:00:00.000Z"
58,50,20000,"2031-07-21T20:00:00.000Z"
56,13,50000,"2031-04-29T20:00:00.000Z"
24,21,75000,"2031-01-30T20:00:00.000Z"
72,23,20000,"2031-02-19T20:00:00.000Z"
83,80,50000,"2031-04-05T20:00:00.000Z"
83,67,75000,"2030-08-13T20:00:00.000Z"
51,18,0,"2031-12-21T20:00:00.000Z"
52,30,120000,"2031-12-30T20:00:00.000Z"
74,70,0,"2031-09-12T20:00:00.000Z"
2,34,35000,"2030-08-15T20:00:00.000Z"
72,74,50000,"2030-03-25T20:00:00.000Z"
60,76,35000,"2030-03-10T20:00:00.000Z"
28,46,35000,"2030-07-26T20:00:00.000Z"
24,75,120000,"2030-05-01T20:00:00.000Z"
95,47,250000,"2030-05-22T20:00:00.000Z"
75,30,75000,"2030-08-06T20:00:00.000Z"
49,72,250000,"2031-11-04T20:00:00.000Z"
8,75,250000,"2031-09-07T20:00:00.000Z"
54,33,20000,"2031-05-04T20:00:00.000Z"
98,47,250000,"2030-01-31T20:00:00.000Z"
79,56,250000,"2031-07-07T20:00:00.000Z"
99,55,120000,"2031-01-22T20:00:00.000Z"
31,77,20000,"2031-03-30T20:00:00.000Z"
73,63,50000,"2030-02-04T20:00:00.000Z"
29,54,35000,"2030-03-07T20:00:00.000Z"
54,72,250000,"2031-11-15T20:00:00.000Z"
99,76,50000,"2030-07-10T20:00:00.000Z"
30,10,120000,"2031-12-18T20:00:00.000Z"
11,82,250000,"2030-04-11T20:00:00.000Z"
78,31,20000,"2030-04-18T20:00:00.000Z"
43,87,50000,"2031-01-08T20:00:00.000Z"
7,16,120000,"2030-05-02T20:00:00.000Z"
69,14,35000,"2031-05-31T20:00:00.000Z"
52,87,75000,"2031-09-11T20:00:00.000Z"
95,32,20000,"2031-05-05T20:00:00.000Z"
85,16,75000,"2031-06-28T20:00:00.000Z"
9,97,20000,"2031-06-12T20:00:00.000Z"
66,53,50000,"2030-08-08T20:00:00.000Z"
70,6,250000,"2031-09-30T20:00:00.000Z"
20,53,0,"2031-06-05T20:00:00.000Z"
31,51,250000,"2031-05-25T20:00:00.000Z"
49,8,120000,"2030-12-21T20:00:00.000Z"
88,82,20000,"2031-05-29T20:00:00.000Z"
72,90,250000,"2030-05-07T20:00:00.000Z"
62,77,75000,"2030-10-11T20:00:00.000Z"
0,99,0,"2031-12-05T20:00:00.000Z"
13,17,20000,"2031-05-25T20:00:00.000Z"
39,13,50000,"2031-10-31T20:00:00.000Z"
84,65,50000,"2030-07-31T20:00:00.000Z"
23,50,50000,"2030-09-30T20:00:00.000Z"
80,58,75000,"2031-12-11T20:00:00.000Z"
84,36,50000,"2030-06-27T20:00:00.000Z"
69,98,20000,"2030-07-12T20:00:00.000Z"
51,71,50000,"2031-08-15T20:00:00.000Z"
28,52,0,"2031-07-31T20:00:00.000Z"
73,12,50000,"2030-04-14T20:00:00.000Z"
7,60,50000,"2030-02-25T20:00:00.000Z"
85,57,50000,"2031-05-20T20:00:00.000Z"
32,46,250000,"2030-02-21T20:00:00.000Z"
98,34,75000,"2030-04-19T20:00:00.000Z"
37,40,75000,"2031-10-14T20:00:00.000Z"
20,0,250000,"2030-03-06T20:00:00.000Z"
30,98,50000,"2031-10-08T20:00:00.000Z"
15,44,50000,"2031-07-15T20:00:00.000Z"
84,39,75000,"2030-02-20T20:00:00.000Z"
80,95,120000,"2030-08-16T20:00:00.000Z"
62,81,75000,"2030-08-23T20:00:00.000Z"
71,39,0,"2030-05-10T20:00:00.000Z"
81,81,20000,"2030-08-21T20:00:00.000Z"
45,43,120000,"2031-03-26T20:00:00.000Z"
92,90,75000,"2031-03-28T20:00:00.000Z"
39,78,35000,"2031-01-11T20:00:00.000Z"
8,9,250000,"2031-04-26T20:00:00.000Z"
85,59,250000,"2031-04-17T20:00:00.000Z"
47,49,75000,"2030-03-21T20:00:00.000Z"
46,85,20000,"2031-07-03T20:00:00.000Z"
21,3,250000,"2031-08-01T20:00:00.000Z"
92,82,20000,"2031-12-25T20:00:00.000Z"
44,17,250000,"2030-12-16T20:00:00.000Z"
4,60,75000,"2030-03-21T20:00:00.000Z"
81,76,50000,"2031-05-15T20:00:00.000Z"
9,73,120000,"2031-09-04T20:00:00.000Z"
22,91,250000,"2031-03-05T20:00:00.000Z"
46,81,50000,"2031-01-08T20:00:00.000Z"
89,89,50000,"2030-04-16T20:00:00.000Z"
63,28,75000,"2030-11-09T20:00:00.000Z"
74,18,250000,"2031-09-12T20:00:00.000Z"
50,13,20000,"2030-10-31T20:00:00.000Z"
12,50,75000,"2030-08-26T20:00:00.000Z"
95,82,250000,"2031-04-16T20:00:00.000Z"
78,96,50000,"2031-10-11T20:00:00.000Z"
78,13,0,"2030-04-18T20:00:00.000Z"
21,24,35000,"2030-11-04T20:00:00.000Z"
93,16,250000,"2031-05-05T20:00:00.000Z"
28,84,75000,"2030-03-06T20:00:00.000Z"
1,36,35000,"2031-01-14T20:00:00.000Z"
17,40,250000,"2030-04-07T20:00:00.000Z"
20,63,35000,"2030-11-20T20:00:00.000Z"
65,6,250000,"2031-12-30T20:00:00.000Z"
34,44,50000,"2030-12-23T20:00:00.000Z"
64,94,120000,"2030-05-28T20:00:00.000Z"
48,11,35000,"2030-06-26T20:00:00.000Z"
10,59,120000,"2030-07-31T20:00:00.000Z"
63,6,250000,"2031-03-07T20:00:00.000Z"
21,59,250000,"2030-02-24T20:00:00.000Z"
89,15,0,"2030-07-10T20:00:00.000Z"
91,16,120000,"2031-08-06T20:00:00.000Z"
84,12,250000,"2031-02-27T20:00:00.000Z"
71,87,35000,"2030-09-21T20:00:00.000Z"
27,0,250000,"2030-05-25T20:00:00.000Z"
81,36,75000,"2031-02-14T20:00:00.000Z"
26,73,0,"2031-11-18T20:00:00.000Z"
56,19,120000,"2030-12-26T20:00:00.000Z"
46,68,0,"2031-06-26T20:00:00.000Z"
22,69,250000,"2030-02-16T20:00:00.000Z"
85,33,50000,"2031-02-09T20:00:00.000Z"
3,91,250000,"2030-06-16T20:00:00.000Z"
64,1,250000,"2030-07-31T20:00:00.000Z"
61,62,75000,"2031-09-25T20:00:00.000Z"
60,68,75000,"2030-03-14T20:00:00.000Z"
62,37,75000,"2030-05-16T20:00:00.000Z"
64,74,75000,"2030-07-15T20:00:00.000Z"
80,64,20000,"2030-10-09T20:00:00.000Z"
76,99,75000,"2031-05-18T20:00:00.000Z"
29,98,50000,"2030-12-08T20:00:00.000Z"
24,56,120000,"2031-10-08T20:00:00.000Z"
27,34,50000,"2030-03-20T20:00:00.000Z"
21,95,75000,"2031-02-15T20:00:00.000Z"
87,29,120000,"2030-06-27T20:00:00.000Z"
49,16,50000,"2031-06-02T20:00:00.000Z"
47,47,0,"2030-09-28T20:00:00.000Z"
77,80,20000,"2030-11-10T20:00:00.000Z"
26,1,0,"2030-05-28T20:00:00.000Z"
4,34,0,"2030-03-04T20:00:00.000Z"
14,0,75000,"2031-10-28T20:00:00.000Z"
47,38,120000,"2030-05-03T20:00:00.000Z"
86,12,75000,"2030-06-07T20:00:00.000Z"
42,1,75000,"2031-06-08T20:00:00.000Z"
61,19,75000,"2030-11-17T20:00:00.000Z"
91,20,50000,"2030-08-23T20:00:00.000Z"
79,92,35000,"2031-09-07T20:00:00.000Z"
36,30,20000,"2030-11-23T20:00:00.000Z"
14,63,75000,"2030-02-09T20:00:00.000Z"
57,53,250000,"2031-06-13T20:00:00.000Z"
24,7,20000,"2031-12-18T20:00:00.000Z"
13,61,120000,"2031-01-12T20:00:00.000Z"
20,32,250000,"2031-10-25T20:00:00.000Z"
7,42,35000,"2030-02-28T20:00:00.000Z"
79,68,75000,"2030-09-06T20:00:00.000Z"
83,67,20000,"2030-09-07T20:00:00.000Z"
80,73,35000,"2031-10-28T20:00:00.000Z"
55,77,250000,"2030-09-04T20:00:00.000Z"
72,35,20000,"2031-11-05T20:00:00.000Z"
70,59,250000,"2031-11-20T20:00:00.000Z"
78,87,20000,"2030-02-19T20:00:00.000Z"
94,43,250000,"2031-01-14T20:00:00.000Z"
28,26,0,"2031-09-21T20:00:00.000Z"
42,95,120000,"2031-05-09T20:00:00.000Z"
18,35,35000,"2030-02-06T20:00:00.000Z"
28,21,35000,"2030-04-05T20:00:00.000Z"
8,19,250000,"2031-06-02T20:00:00.000Z"
48,82,75000,"2031-02-25T20:00:00.000Z"
48,41,0,"2031-10-22T20:00:00.000Z"
4,99,0,"2031-05-02T20:00:00.000Z"
33,64,35000,"2030-04-16T20:00:00.000Z"
43,87,120000,"2030-03-10T20:00:00.000Z"
95,3,0,"2031-04-10T20:00:00.000Z"
43,74,250000,"2030-10-15T20:00:00.000Z"
20,83,120000,"2030-11-09T20:00:00.000Z"
20,42,250000,"2031-01-16T20:00:00.000Z"
99,98,35000,"2031-01-29T20:00:00.000Z"
72,62,75000,"2031-04-16T20:00:00.000Z"
10,82,250000,"2030-04-16T20:00:00.000Z"
47,47,75000,"2031-06-16T20:00:00.000Z"
36,85,50000,"2031-11-19T20:00:00.000Z"
53,0,35000,"2031-03-16T20:00:00.000Z"
3,53,20000,"2031-01-31T20:00:00.000Z"
89,80,0,"2031-03-02T20:00:00.000Z"
59,16,75000,"2031-07-29T20:00:00.000Z"
16,59,75000,"2031-06-05T20:00:00.000Z"
84,83,0,"2030-08-16T20:00:00.000Z"
49,2,35000,"2031-01-25T20:00:00.000Z"
22,39,75000,"2030-03-09T20:00:00.000Z"
91,41,0,"2030-09-20T20:00:00.000Z"
59,57,0,"2031-11-08T20:00:00.000Z"
91,63,0,"2030-06-12T20:00:00.000Z"
15,6,50000,"2030-12-18T20:00:00.000Z"
37,95,75000,"2030-08-11T20:00:00.000Z"
84,69,35000,"2030-12-09T20:00:00.000Z"
77,8,35000,"2031-11-28T20:00:00.000Z"
93,76,120000,"2031-11-19T20:00:00.000Z"
75,15,75000,"2030-09-25T20:00:00.000Z"
98,24,35000,"2031-10-03T20:00:00.000Z"
96,84,20000,"2030-12-11T20:00:00.000Z"
10,26,120000,"2030-07-15T20:00:00.000Z"
19,52,50000,"2031-10-24T20:00:00.000Z"
51,46,250000,"2031-08-21T20:00:00.000Z"
93,46,20000,"2030-06-07T20:00:00.000Z"
46,55,20000,"2030-12-22T20:00:00.000Z"
6,16,75000,"2030-12-30T20:00:00.000Z"
39,85,0,"2030-02-14T20:00:00.000Z"
4,64,20000,"2030-03-16T20:00:00.000Z"
45,90,50000,"2031-05-15T20:00:00.000Z"
29,87,0,"2030-08-08T20:00:00.000Z"
32,20,35000,"2031-12-13T20:00:00.000Z"
88,26,35000,"2031-12-24T20:00:00.000Z"
38,92,75000,"2030-11-01T20:00:00.000Z"
66,16,35000,"2031-07-12T20:00:00.000Z"
8,71,120000,"2030-11-16T20:00:00.000Z"
53,48,50000,"2030-10-30T20:00:00.000Z"
80,62,20000,"2030-07-03T20:00:00.000Z"
14,35,75000,"2030-06-29T20:00:00.000Z"
82,99,20000,"2031-11-07T20:00:00.000Z"
90,80,35000,"2031-08-15T20:00:00.000Z"
80,49,250000,"2030-10-14T20:00:00.000Z"
20,62,35000,"2030-09-14T20:00:00.000Z"
39,17,250000,"2031-01-04T20:00:00.000Z"
7,10,50000,"2030-11-26T20:00:00.000Z"
31,57,120000,"2030-07-07T20:00:00.000Z"
9,6,20000,"2031-06-07T20:00:00.000Z"
63,93,120000,"2030-02-28T20:00:00.000Z"
57,72,75000,"2031-05-31T20:00:00.000Z"
43,45,35000,"2031-11-13T20:00:00.000Z"
18,78,120000,"2031-01-01T20:00:00.000Z"
73,58,35000,"2030-03-13T20:00:00.000Z"
70,50,50000,"2031-08-26T20:00:00.000Z"
74,41,35000,"2031-11-08T20:00:00.000Z"
27,89,20000,"2031-09-18T20:00:00.000Z"
47,12,120000,"2030-04-07T20:00:00.000Z"
82,88,50000,"2030-10-17T20:00:00.000Z"
58,45,75000,"2031-01-26T20:00:00.000Z"
90,65,250000,"2031-05-01T20:00:00.000Z"
60,31,20000,"2030-10-05T20:00:00.000Z"
73,93,0,"2031-09-09T20:00:00.000Z"
41,34,50000,"2030-12-06T20:00:00.000Z"
66,47,0,"2031-10-29T20:00:00.000Z"
11,70,250000,"2030-07-25T20:00:00.000Z"
89,43,0,"2030-06-09T20:00:00.000Z"
10,70,75000,"2030-12-04T20:00:00.000Z"
51,0,20000,"2030-11-16T20:00:00.000Z"
57,74,35000,"2031-12-14T20:00:00.000Z"
82,93,35000,"2030-11-15T20:00:00.000Z"
23,6,35000,"2031-08-11T20:00:00.000Z"
7,20,35000,"2030-08-10T20:00:00.000Z"
41,80,50000,"2030-03-11T20:00:00.000Z"
36,79,0,"2030-04-30T20:00:00.000Z"
43,91,250000,"2031-11-04T20:00:00.000Z"
97,38,75000,"2031-01-02T20:00:00.000Z"
29,27,50000,"2031-11-05T20:00:00.000Z"
97,28,75000,"2030-04-11T20:00:00.000Z"
68,78,20000,"2031-10-18T20:00:00.000Z"
13,27,50000,"2030-12-30T20:00:00.000Z"
33,59,35000,"2030-12-15T20:00:00.000Z"
12,62,20000,"2031-09-04T20:00:00.000Z"
61,30,35000,"2030-03-09T20:00:00.000Z"
9,9,75000,"2031-06-09T20:00:00.000Z"
49,33,0,"2031-03-10T20:00:00.000Z"
50,5,250000,"2030-04-15T20:00:00.000Z"
82,24,75000,"2031-02-07T20:00:00.000Z"
30,61,120000,"2030-06-15T20:00:00.000Z"
87,24,35000,"2031-08-01T20:00:00.000Z"
41,87,20000,"2031-03-04T20:00:00.000Z"
22,61,120000,"2031-09-08T20:00:00.000Z"
48,20,250000,"2030-04-02T20:00:00.000Z"
98,33,250000,"2031-06-20T20:00:00.000Z"
4,56,120000,"2030-08-08T20:00:00.000Z"
29,69,250000,"2030-11-08T20:00:00.000Z"
88,92,50000,"2030-07-18T20:00:00.000Z"
12,94,250000,"2031-07-16T20:00:00.000Z"
79,75,75000,"2030-07-25T20:00:00.000Z"
45,10,250000,"2030-05-19T20:00:00.000Z"
61,54,120000,"2031-07-16T20:00:00.000Z"
65,74,250000,"2031-02-04T20:00:00.000Z"
58,39,250000,"2030-03-27T20:00:00.000Z"
31,88,35000,"2030-03-27T20:00:00.000Z"
98,67,20000,"2031-03-08T20:00:00.000Z"
28,89,250000,"2031-01-17T20:00:00.000Z"
15,73,0,"2030-11-30T20:00:00.000Z"
5,53,120000,"2031-07-30T20:00:00.000Z"
75,73,35000,"2031-12-30T20:00:00.000Z"
45,1,50000,"2031-02-21T20:00:00.000Z"
40,41,75000,"2031-05-03T20:00:00.000Z"
67,10,120000,"2030-02-25T20:00:00.000Z"
54,9,120000,"2030-08-21T20:00:00.000Z"
58,31,50000,"2031-01-25T20:00:00.000Z"
69,55,20000,"2030-09-05T20:00:00.000Z"
36,20,35000,"2030-10-22T20:00:00.000Z"
2,11,35000,"2030-07-03T20:00:00.000Z"
43,62,0,"2031-07-06T20:00:00.000Z"
15,74,120000,"2031-07-17T20:00:00.000Z"
75,14,75000,"2031-04-19T20:00:00.000Z"
34,19,75000,"2031-04-14T20:00:00.000Z"
37,45,120000,"2031-05-30T20:00:00.000Z"
98,20,20000,"2031-06-17T20:00:00.000Z"
29,91,35000,"2031-01-18T20:00:00.000Z"
35,83,120000,"2031-12-20T20:00:00.000Z"
71,7,250000,"2030-12-10T20:00:00.000Z"
78,77,50000,"2031-08-18T20:00:00.000Z"
50,31,0,"2030-04-25T20:00:00.000Z"
98,73,250000,"2031-12-04T20:00:00.000Z"
4,55,35000,"2030-09-12T20:00:00.000Z"
86,97,250000,"2030-05-01T20:00:00.000Z"
33,98,250000,"2031-03-30T20:00:00.000Z"
51,79,50000,"2031-12-22T20:00:00.000Z"
49,86,20000,"2030-11-01T20:00:00.000Z"
57,13,50000,"2031-09-06T20:00:00.000Z"
45,45,0,"2031-04-23T20:00:00.000Z"
90,24,75000,"2031-08-22T20:00:00.000Z"
8,89,250000,"2030-03-27T20:00:00.000Z"
56,39,50000,"2031-05-10T20:00:00.000Z"
55,24,20000,"2030-02-13T20:00:00.000Z"
9,65,20000,"2030-03-20T20:00:00.000Z"
4,53,120000,"2031-06-05T20:00:00.000Z"
14,76,250000,"2031-02-07T20:00:00.000Z"
70,88,50000,"2030-07-06T20:00:00.000Z"
35,2,250000,"2031-09-10T20:00:00.000Z"
7,73,20000,"2030-02-24T20:00:00.000Z"
59,25,35000,"2030-03-25T20:00:00.000Z"
61,3,250000,"2031-12-13T20:00:00.000Z"
52,84,0,"2030-06-27T20:00:00.000Z"
71,60,250000,"2031-10-12T20:00:00.000Z"
44,84,35000,"2030-07-09T20:00:00.000Z"
95,48,35000,"2031-08-10T20:00:00.000Z"
41,13,75000,"2031-09-13T20:00:00.000Z"
63,40,35000,"2031-04-26T20:00:00.000Z"
81,63,75000,"2031-07-21T20:00:00.000Z"
71,24,50000,"2031-03-16T20:00:00.000Z"
5,55,35000,"2031-02-06T20:00:00.000Z"
95,64,0,"2031-09-17T20:00:00.000Z"
72,82,120000,"2031-10-15T20:00:00.000Z"
45,61,120000,"2030-05-28T20:00:00.000Z"
1,41,250000,"2031-07-19T20:00:00.000Z"
51,18,120000,"2031-07-14T20:00:00.000Z"
40,85,250000,"2031-07-23T20:00:00.000Z"
67,23,0,"2031-09-27T20:00:00.000Z"
75,75,0,"2030-08-22T20:00:00.000Z"
25,23,120000,"2031-10-15T20:00:00.000Z"
60,41,75000,"2030-04-27T20:00:00.000Z"
6,16,50000,"2030-03-04T20:00:00.000Z"
88,44,50000,"2031-05-23T20:00:00.000Z"
48,43,75000,"2031-04-03T20:00:00.000Z"
88,52,0,"2031-07-21T20:00:00.000Z"
87,91,75000,"2031-06-11T20:00:00.000Z"
53,17,75000,"2031-10-17T20:00:00.000Z"
21,94,250000,"2031-05-26T20:00:00.000Z"
99,59,0,"2030-06-06T20:00:00.000Z"
18,53,0,"2030-02-17T20:00:00.000Z"
60,58,35000,"2031-08-28T20:00:00.000Z"
44,48,250000,"2031-09-09T20:00:00.000Z"
9,49,50000,"2030-03-25T20:00:00.000Z"
26,68,35000,"2031-10-31T20:00:00.000Z"
13,28,120000,"2031-10-06T20:00:00.000Z"
50,39,50000,"2030-09-10T20:00:00.000Z"
15,61,20000,"2031-11-28T20:00:00.000Z"
83,65,75000,"2031-03-19T20:00:00.000Z"
56,96,35000,"2031-02-13T20:00:00.000Z"
34,70,35000,"2030-12-18T20:00:00.000Z"
20,90,0,"2031-05-07T20:00:00.000Z"
39,47,250000,"2030-05-16T20:00:00.000Z"
11,37,0,"2031-11-10T20:00:00.000Z"
85,19,250000,"2030-07-24T20:00:00.000Z"
67,98,250000,"2031-12-07T20:00:00.000Z"
57,95,250000,"2030-04-22T20:00:00.000Z"
0,46,0,"2030-09-30T20:00:00.000Z"
20,46,0,"2031-10-11T20:00:00.000Z"
70,14,20000,"2030-04-21T20:00:00.000Z"
37,74,0,"2031-12-31T20:00:00.000Z"
86,43,120000,"2031-09-29T20:00:00.000Z"
10,97,35000,"2030-09-23T20:00:00.000Z"
45,47,75000,"2030-11-01T20:00:00.000Z"
56,39,75000,"2031-10-02T20:00:00.000Z"
96,76,35000,"2031-10-09T20:00:00.000Z"
15,15,35000,"2031-11-02T20:00:00.000Z"
41,87,50000,"2031-05-26T20:00:00.000Z"
90,43,35000,"2031-11-05T20:00:00.000Z"
60,28,75000,"2031-05-08T20:00:00.000Z"
14,40,75000,"2031-09-03T20:00:00.000Z"
73,14,0,"2030-03-04T20:00:00.000Z"
53,42,250000,"2030-02-08T20:00:00.000Z"
34,26,120000,"2031-11-11T20:00:00.000Z"
37,19,75000,"2031-07-07T20:00:00.000Z"
50,2,50000,"2030-07-27T20:00:00.000Z"
24,2,35000,"2030-08-02T20:00:00.000Z"
37,45,120000,"2030-11-15T20:00:00.000Z"
95,13,75000,"2030-10-11T20:00:00.000Z"
8,29,35000,"2030-10-22T20:00:00.000Z"
80,3,75000,"2031-03-17T20:00:00.000Z"
83,16,20000,"2030-11-16T20:00:00.000Z"
13,99,120000,"2031-12-02T20:00:00.000Z"
43,78,50000,"2030-09-26T20:00:00.000Z"
25,50,0,"2030-08-09T20:00:00.000Z"
7,28,120000,"2030-10-14T20:00:00.000Z"
59,84,20000,"2031-12-07T20:00:00.000Z"
40,49,35000,"2031-01-02T20:00:00.000Z"
25,73,120000,"2031-02-09T20:00:00.000Z"
99,40,250000,"2030-11-08T20:00:00.000Z"
78,1,75000,"2031-02-03T20:00:00.000Z"
3,61,120000,"2030-04-18T20:00:00.000Z"
36,38,0,"2030-03-30T20:00:00.000Z"
38,84,120000,"2031-10-30T20:00:00.000Z"
20,23,120000,"2030-03-12T20:00:00.000Z"
90,59,120000,"2030-04-01T20:00:00.000Z"
36,52,35000,"2031-05-24T20:00:00.000Z"
18,72,75000,"2030-04-12T20:00:00.000Z"
74,68,20000,"2031-08-23T20:00:00.000Z"
43,22,250000,"2030-10-14T20:00:00.000Z"
56,68,0,"2031-06-18T20:00:00.000Z"
84,0,20000,"2031-03-06T20:00:00.000Z"
99,2,120000,"2030-12-10T20:00:00.000Z"
15,69,50000,"2031-03-07T20:00:00.000Z"
16,93,75000,"2031-07-12T20:00:00.000Z"
59,58,120000,"2031-09-23T20:00:00.000Z"
52,49,120000,"2031-03-10T20:00:00.000Z"
9,61,0,"2031-02-22T20:00:00.000Z"
46,93,20000,"2030-04-08T20:00:00.000Z"
80,36,0,"2030-02-08T20:00:00.000Z"
24,94,250000,"2030-09-25T20:00:00.000Z"
1,15,50000,"2031-11-27T20:00:00.000Z"
28,1,35000,"2030-10-07T20:00:00.000Z"
25,25,250000,"2030-05-21T20:00:00.000Z"
69,92,0,"2031-12-04T20:00:00.000Z"
80,3,75000,"2031-07-14T20:00:00.000Z"
20,20,20000,"2030-02-13T20:00:00.000Z"
47,30,120000,"2030-03-03T20:00:00.000Z"
34,72,250000,"2030-09-11T20:00:00.000Z"
71,63,20000,"2031-10-08T20:00:00.000Z"
92,32,250000,"2031-12-26T20:00:00.000Z"
2,74,20000,"2031-04-16T20:00:00.000Z"
91,47,75000,"2031-01-17T20:00:00.000Z"
70,1,50000,"2031-06-06T20:00:00.000Z"
54,4,120000,"2030-06-08T20:00:00.000Z"
85,99,20000,"2031-04-08T20:00:00.000Z"
72,14,120000,"2030-10-17T20:00:00.000Z"
76,1,50000,"2031-05-01T20:00:00.000Z"
87,94,75000,"2030-03-09T20:00:00.000Z"
57,82,20000,"2030-03-01T20:00:00.000Z"
93,66,50000,"2030-04-29T20:00:00.000Z"
22,31,20000,"2031-07-13T20:00:00.000Z"
78,55,20000,"2030-06-05T20:00:00.000Z"
79,33,50000,"2031-08-25T20:00:00.000Z"
92,95,0,"2031-09-29T20:00:00.000Z"
4,48,120000,"2030-06-23T20:00:00.000Z"
48,45,35000,"2031-08-29T20:00:00.000Z"
41,5,0,"2030-08-31T20:00:00.000Z"
55,2,75000,"2030-05-17T20:00:00.000Z"
15,1,35000,"2031-11-07T20:00:00.000Z"
83,31,50000,"2031-01-03T20:00:00.000Z"
95,0,120000,"2031-10-04T20:00:00.000Z"
53,96,0,"2031-03-04T20:00:00.000Z"
74,45,120000,"2030-04-23T20:00:00.000Z"
68,97,75000,"2030-12-25T20:00:00.000Z"
87,74,0,"2030-12-23T20:00:00.000Z"
67,10,35000,"2030-08-20T20:00:00.000Z"
60,41,50000,"2031-09-20T20:00:00.000Z"
16,46,20000,"2030-12-19T20:00:00.000Z"
85,45,0,"2030-05-21T20:00:00.000Z"
24,98,35000,"2031-04-17T20:00:00.000Z"
38,64,250000,"2031-03-31T20:00:00.000Z"
99,11,75000,"2030-03-15T20:00:00.000Z"
13,97,50000,"2031-06-19T20:00:00.000Z"
26,47,35000,"2031-04-17T20:00:00.000Z"
99,9,20000,"2031-09-07T20:00:00.000Z"
82,61,120000,"2030-10-19T20:00:00.000Z"
81,88,0,"2030-06-07T20:00:00.000Z"
82,82,0,"2031-03-24T20:00:00.000Z"
81,0,250000,"2031-02-06T20:00:00.000Z"
51,2,75000,"2031-02-21T20:00:00.000Z"
17,57,35000,"2030-11-03T20:00:00.000Z"
37,71,35000,"2031-05-16T20:00:00.000Z"
8,91,250000,"2031-08-10T20:00:00.000Z"
45,91,20000,"2030-10-17T20:00:00.000Z"
99,28,120000,"2031-03-23T20:00:00.000Z"
9,32,0,"2030-11-08T20:00:00.000Z"
20,77,0,"2030-10-30T20:00:00.000Z"
90,36,0,"2031-08-03T20:00:00.000Z"
82,17,250000,"2031-12-06T20:00:00.000Z"
13,40,0,"2030-08-23T20:00:00.000Z"
98,98,0,"2030-09-01T20:00:00.000Z"
26,3,50000,"2031-01-10T20:00:00.000Z"
36,39,0,"2030-06-13T20:00:00.000Z"
98,33,120000,"2030-10-17T20:00:00.000Z"
5,44,75000,"2030-09-13T20:00:00.000Z"
42,28,50000,"2031-01-13T20:00:00.000Z"
72,14,20000,"2030-02-26T20:00:00.000Z"
74,17,250000,"2031-07-16T20:00:00.000Z"
10,67,120000,"2031-03-09T20:00:00.000Z"
3,15,20000,"2031-05-14T20:00:00.000Z"
76,71,75000,"2031-10-23T20:00:00.000Z"
48,74,75000,"2030-07-04T20:00:00.000Z"
21,78,0,"2030-04-17T20:00:00.000Z"
88,48,120000,"2030-09-06T20:00:00.000Z"
36,61,20000,"2030-10-17T20:00:00.000Z"
49,65,0,"2031-06-29T20:00:00.000Z"
18,63,120000,"2030-12-14T20:00:00.000Z"
13,96,20000,"2031-06-20T20:00:00.000Z"
80,53,35000,"2031-08-13T20:00:00.000Z"
66,41,35000,"2030-03-11T20:00:00.000Z"
83,81,120000,"2030-05-31T20:00:00.000Z"
70,16,0,"2031-07-09T20:00:00.000Z"
3,49,250000,"2031-09-23T20:00:00.000Z"
74,46,0,"2030-08-10T20:00:00.000Z"
31,77,0,"2030-11-30T20:00:00.000Z"
51,66,75000,"2030-10-12T20:00:00.000Z"
98,87,250000,"2030-04-11T20:00:00.000Z"
67,25,75000,"2030-10-21T20:00:00.000Z"
40,83,75000,"2031-03-07T20:00:00.000Z"
85,4,75000,"2030-06-30T20:00:00.000Z"
87,45,20000,"2031-02-06T20:00:00.000Z"
92,28,120000,"2031-08-24T20:00:00.000Z"
87,27,250000,"2031-04-28T20:00:00.000Z"
68,98,0,"2030-06-17T20:00:00.000Z"
57,54,120000,"2030-05-21T20:00:00.000Z"
75,18,250000,"2030-03-19T20:00:00.000Z"
74,39,35000,"2030-02-07T20:00:00.000Z"
90,34,120000,"2030-02-04T20:00:00.000Z"
85,94,0,"2031-03-02T20:00:00.000Z"
56,77,250000,"2030-06-16T20:00:00.000Z"
61,56,50000,"2031-09-29T20:00:00.000Z"
74,17,120000,"2031-06-14T20:00:00.000Z"
72,11,120000,"2030-12-24T20:00:00.000Z"
20,13,20000,"2030-11-13T20:00:00.000Z"
99,32,120000,"2031-09-05T20:00:00.000Z"
99,82,50000,"2030-09-07T20:00:00.000Z"
75,16,20000,"2030-08-13T20:00:00.000Z"
26,63,250000,"2031-04-20T20:00:00.000Z"
58,37,0,"2031-01-19T20:00:00.000Z"
38,97,120000,"2030-08-28T20:00:00.000Z"
36,93,35000,"2031-05-12T20:00:00.000Z"
41,4,20000,"2030-03-20T20:00:00.000Z"
62,70,0,"2030-02-13T20:00:00.000Z"
84,74,20000,"2030-06-30T20:00:00.000Z"
18,7,50000,"2030-04-28T20:00:00.000Z"
68,56,250000,"2031-07-09T20:00:00.000Z"
17,65,35000,"2031-04-06T20:00:00.000Z"
85,67,120000,"2030-07-09T20:00:00.000Z"
30,8,0,"2031-02-04T20:00:00.000Z"
83,89,50000,"2030-04-17T20:00:00.000Z"
44,90,20000,"2030-06-17T20:00:00.000Z"
73,87,20000,"2031-05-22T20:00:00.000Z"
60,41,50000,"2031-06-05T20:00:00.000Z"
59,28,75000,"2031-02-16T20:00:00.000Z"
10,64,250000,"2031-10-18T20:00:00.000Z"
98,4,35000,"2031-05-10T20:00:00.000Z"
12,45,35000,"2031-12-12T20:00:00.000Z"
2,64,0,"2031-12-16T20:00:00.000Z"
58,54,35000,"2031-04-15T20:00:00.000Z"
55,52,120000,"2031-03-06T20:00:00.000Z"
29,67,20000,"2031-07-06T20:00:00.000Z"
80,53,75000,"2030-11-17T20:00:00.000Z"
41,86,35000,"2031-05-17T20:00:00.000Z"
20,39,35000,"2031-05-11T20:00:00.000Z"
28,65,75000,"2030-03-10T20:00:00.000Z"
58,29,0,"2031-01-27T20:00:00.000Z"
49,50,35000,"2030-07-03T20:00:00.000Z"
75,50,50000,"2031-04-22T20:00:00.000Z"
33,14,250000,"2030-05-06T20:00:00.000Z"
24,6,0,"2030-05-15T20:00:00.000Z"
46,7,120000,"2031-11-14T20:00:00.000Z"
48,54,250000,"2030-06-02T20:00:00.000Z"
3,10,20000,"2031-12-15T20:00:00.000Z"
23,86,75000,"2031-12-01T20:00:00.000Z"
97,93,35000,"2031-01-28T20:00:00.000Z"
35,13,120000,"2031-01-30T20:00:00.000Z"
66,82,50000,"2031-10-16T20:00:00.000Z"
88,64,0,"2031-11-06T20:00:00.000Z"
97,30,250000,"2030-08-18T20:00:00.000Z"
39,83,20000,"2030-02-23T20:00:00.000Z"
48,95,50000,"2030-03-23T20:00:00.000Z"
73,36,35000,"2031-11-06T20:00:00.000Z"
11,26,120000,"2031-06-10T20:00:00.000Z"
97,25,75000,"2031-07-12T20:00:00.000Z"
5,54,50000,"2030-05-29T20:00:00.000Z"
79,4,250000,"2030-08-28T20:00:00.000Z"
96,86,250000,"2031-12-24T20:00:00.000Z"
10,9,250000,"2031-12-08T20:00:00.000Z"
55,13,75000,"2031-09-02T20:00:00.000Z"
93,84,0,"2030-11-22T20:00:00.000Z"
37,16,250000,"2031-04-09T20:00:00.000Z"
78,22,20000,"2031-07-17T20:00:00.000Z"
7,83,0,"2030-08-09T20:00:00.000Z"
12,8,35000,"2030-07-19T20:00:00.000Z"
79,31,20000,"2031-11-21T20:00:00.000Z"
31,70,50000,"2031-03-21T20:00:00.000Z"
97,34,0,"2031-09-24T20:00:00.000Z"
78,35,75000,"2031-09-26T20:00:00.000Z"
52,59,35000,"2031-06-17T20:00:00.000Z"
56,91,120000,"2031-09-19T20:00:00.000Z"
15,4,0,"2031-04-23T20:00:00.000Z"
9,56,250000,"2030-04-09T20:00:00.000Z"
13,49,250000,"2031-05-23T20:00:00.000Z"
34,54,0,"2030-11-21T20:00:00.000Z"
35,5,120000,"2031-11-10T20:00:00.000Z"
28,98,20000,"2030-02-26T20:00:00.000Z"
66,76,120000,"2030-04-20T20:00:00.000Z"
65,72,120000,"2030-07-14T20:00:00.000Z"
52,26,120000,"2031-09-19T20:00:00.000Z"
99,32,120000,"2031-04-01T20:00:00.000Z"
0,49,50000,"2030-10-30T20:00:00.000Z"
6,1,50000,"2031-09-18T20:00:00.000Z"
7,47,0,"2031-11-15T20:00:00.000Z"
52,79,250000,"2030-05-03T20:00:00.000Z"
20,15,250000,"2031-02-22T20:00:00.000Z"
97,54,0,"2030-02-02T20:00:00.000Z"
25,35,50000,"2031-04-18T20:00:00.000Z"
20,19,0,"2031-10-22T20:00:00.000Z"
75,68,120000,"2031-10-09T20:00:00.000Z"
94,2,20000,"2030-06-01T20:00:00.000Z"
39,59,250000,"2031-11-06T20:00:00.000Z"
67,91,75000,"2031-06-19T20:00:00.000Z"
91,51,50000,"2030-11-27T20:00:00.000Z"
1,80,20000,"2030-05-11T20:00:00.000Z"
25,93,50000,"2031-09-12T20:00:00.000Z"
19,5,0,"2031-01-11T20:00:00.000Z"
3,68,0,"2031-04-08T20:00:00.000Z"
0,98,120000,"2031-03-04T20:00:00.000Z"
35,19,35000,"2030-03-22T20:00:00.000Z"
97,45,250000,"2031-07-22T20:00:00.000Z"
86,85,250000,"2031-07-25T20:00:00.000Z"
85,43,75000,"2031-02-06T20:00:00.000Z"
24,39,20000,"2031-01-05T20:00:00.000Z"
48,77,50000,"2030-08-31T20:00:00.000Z"
86,39,35000,"2031-06-05T20:00:00.000Z"
88,86,75000,"2030-04-15T20:00:00.000Z"
85,78,50000,"2031-06-12T20:00:00.000Z"
74,54,75000,"2031-04-19T20:00:00.000Z"
48,44,0,"2030-07-25T20:00:00.000Z"
15,89,35000,"2031-11-13T20:00:00.000Z"
78,89,120000,"2031-06-07T20:00:00.000Z"
68,24,20000,"2031-04-16T20:00:00.000Z"
54,97,120000,"2031-10-02T20:00:00.000Z"
76,11,0,"2031-07-11T20:00:00.000Z"
61,64,0,"2030-08-29T20:00:00.000Z"
39,33,0,"2030-03-15T20:00:00.000Z"
49,84,250000,"2030-06-04T20:00:00.000Z"
14,14,20000,"2030-02-01T20:00:00.000Z"
25,36,35000,"2031-08-02T20:00:00.000Z"
48,36,0,"2030-05-26T20:00:00.000Z"
74,85,20000,"2031-01-24T20:00:00.000Z"
41,70,120000,"2030-10-06T20:00:00.000Z"
18,84,20000,"2030-12-09T20:00:00.000Z"
39,0,50000,"2030-06-15T20:00:00.000Z"
97,84,35000,"2031-01-19T20:00:00.000Z"
63,66,75000,"2030-08-23T20:00:00.000Z"
86,47,250000,"2030-05-15T20:00:00.000Z"
66,8,20000,"2031-12-26T20:00:00.000Z"
44,72,75000,"2031-04-26T20:00:00.000Z"
18,12,50000,"2031-05-08T20:00:00.000Z"
94,20,50000,"2031-10-17T20:00:00.000Z"
30,71,35000,"2031-02-22T20:00:00.000Z"
31,53,75000,"2031-09-01T20:00:00.000Z"
2,45,75000,"2030-07-18T20:00:00.000Z"
65,68,250000,"2030-10-14T20:00:00.000Z"
6,31,20000,"2031-03-16T20:00:00.000Z"
94,53,250000,"2031-11-14T20:00:00.000Z"
1,38,35000,"2030-08-30T20:00:00.000Z"
8,30,0,"2031-02-02T20:00:00.000Z"
76,68,75000,"2030-03-17T20:00:00.000Z"
23,24,0,"2030-10-20T20:00:00.000Z"
26,3,35000,"2030-06-02T20:00:00.000Z"
49,22,0,"2030-05-09T20:00:00.000Z"
60,3,75000,"2031-08-19T20:00:00.000Z"
88,50,250000,"2031-05-20T20:00:00.000Z"
40,0,35000,"2031-08-17T20:00:00.000Z"
64,49,50000,"2030-10-18T20:00:00.000Z"
48,10,20000,"2030-02-23T20:00:00.000Z"
78,57,0,"2030-02-17T20:00:00.000Z"
91,42,20000,"2030-09-09T20:00:00.000Z"
7,6,50000,"2030-09-11T20:00:00.000Z"
29,19,20000,"2031-11-03T20:00:00.000Z"
24,14,20000,"2031-09-03T20:00:00.000Z"
43,2,0,"2031-03-14T20:00:00.000Z"
47,89,50000,"2031-03-25T20:00:00.000Z"
25,22,20000,"2030-05-24T20:00:00.000Z"
35,41,250000,"2030-08-22T20:00:00.000Z"
8,18,35000,"2031-07-28T20:00:00.000Z"
93,96,0,"2031-10-16T20:00:00.000Z"
21,79,0,"2031-02-24T20:00:00.000Z"
29,18,250000,"2031-12-09T20:00:00.000Z"
77,99,20000,"2031-11-21T20:00:00.000Z"
28,38,120000,"2031-01-25T20:00:00.000Z"
95,27,250000,"2031-02-12T20:00:00.000Z"
64,89,75000,"2030-09-17T20:00:00.000Z"
49,35,0,"2031-02-22T20:00:00.000Z"
41,43,120000,"2031-12-18T20:00:00.000Z"
51,83,20000,"2031-07-19T20:00:00.000Z"
67,66,35000,"2030-09-12T20:00:00.000Z"
65,98,50000,"2030-03-27T20:00:00.000Z"
57,62,250000,"2031-03-02T20:00:00.000Z"
51,52,0,"2031-05-01T20:00:00.000Z"
68,40,75000,"2031-11-15T20:00:00.000Z"
40,52,120000,"2031-02-13T20:00:00.000Z"
69,76,35000,"2031-09-24T20:00:00.000Z"
44,33,35000,"2031-12-06T20:00:00.000Z"
32,85,35000,"2031-07-13T20:00:00.000Z"
90,57,120000,"2030-03-28T20:00:00.000Z"
68,1,50000,"2030-09-27T20:00:00.000Z"
97,24,35000,"2030-10-12T20:00:00.000Z"
85,62,120000,"2031-02-14T20:00:00.000Z"
68,78,250000,"2031-01-30T20:00:00.000Z"
78,98,75000,"2031-11-16T20:00:00.000Z"
30,31,120000,"2031-12-14T20:00:00.000Z"
52,30,50000,"2031-07-28T20:00:00.000Z"
92,87,75000,"2031-11-09T20:00:00.000Z"
80,74,0,"2031-03-08T20:00:00.000Z"
43,72,75000,"2031-11-23T20:00:00.000Z"
83,48,35000,"2030-07-12T20:00:00.000Z"
77,73,75000,"2030-05-26T20:00:00.000Z"
51,92,50000,"2031-07-16T20:00:00.000Z"
49,83,75000,"2030-02-05T20:00:00.000Z"
88,84,50000,"2031-02-08T20:00:00.000Z"
67,48,20000,"2031-01-02T20:00:00.000Z"
91,75,0,"2030-05-02T20:00:00.000Z"
7,27,35000,"2030-03-04T20:00:00.000Z"
65,18,35000,"2031-06-20T20:00:00.000Z"
67,51,120000,"2030-02-27T20:00:00.000Z"
56,14,35000,"2030-02-15T20:00:00.000Z"
49,96,120000,"2031-05-06T20:00:00.000Z"
33,54,50000,"2031-08-23T20:00:00.000Z"
71,55,50000,"2031-01-19T20:00:00.000Z"
86,75,250000,"2030-02-17T20:00:00.000Z"
15,21,75000,"2031-06-13T20:00:00.000Z"
64,19,120000,"2030-10-16T20:00:00.000Z"
98,74,75000,"2031-03-24T20:00:00.000Z"
41,0,20000,"2031-02-22T20:00:00.000Z"
84,76,50000,"2031-11-02T20:00:00.000Z"
13,75,35000,"2030-03-04T20:00:00.000Z"
18,70,250000,"2031-05-01T20:00:00.000Z"
29,22,20000,"2030-11-11T20:00:00.000Z"
1,87,0,"2030-10-20T20:00:00.000Z"
50,23,35000,"2030-06-01T20:00:00.000Z"
87,58,50000,"2030-06-07T20:00:00.000Z"
39,61,50000,"2030-09-16T20:00:00.000Z"
16,35,0,"2030-05-23T20:00:00.000Z"
88,9,0,"2030-08-29T20:00:00.000Z"
78,12,250000,"2030-12-14T20:00:00.000Z"
70,40,250000,"2031-03-04T20:00:00.000Z"
8,62,75000,"2031-09-27T20:00:00.000Z"
21,31,35000,"2031-07-26T20:00:00.000Z"
10,71,35000,"2030-02-21T20:00:00.000Z"
64,84,75000,"2030-12-14T20:00:00.000Z"
18,82,35000,"2030-05-26T20:00:00.000Z"
49,44,50000,"2030-08-20T20:00:00.000Z"
80,48,35000,"2030-10-01T20:00:00.000Z"
38,30,75000,"2031-11-20T20:00:00.000Z"
83,83,0,"2030-11-02T20:00:00.000Z"
12,68,0,"2030-12-13T20:00:00.000Z"
98,31,75000,"2030-08-07T20:00:00.000Z"
14,32,50000,"2030-06-10T20:00:00.000Z"
66,32,0,"2030-04-03T20:00:00.000Z"
21,93,50000,"2030-10-07T20:00:00.000Z"
11,96,250000,"2031-05-03T20:00:00.000Z"
50,69,35000,"2030-04-11T20:00:00.000Z"
85,86,120000,"2031-03-04T20:00:00.000Z"
89,87,250000,"2030-04-30T20:00:00.000Z"
42,7,250000,"2031-11-01T20:00:00.000Z"
70,47,20000,"2031-11-05T20:00:00.000Z"
47,97,20000,"2031-01-04T20:00:00.000Z"
62,98,50000,"2031-01-15T20:00:00.000Z"
15,28,20000,"2031-03-15T20:00:00.000Z"
0,11,75000,"2031-07-17T20:00:00.000Z"
78,14,20000,"2030-10-29T20:00:00.000Z"
50,67,20000,"2030-10-12T20:00:00.000Z"
90,23,120000,"2031-10-03T20:00:00.000Z"
95,47,35000,"2030-06-11T20:00:00.000Z"
55,94,20000,"2030-08-24T20:00:00.000Z"
61,27,120000,"2030-09-30T20:00:00.000Z"
94,66,20000,"2030-07-17T20:00:00.000Z"
70,87,20000,"2031-07-27T20:00:00.000Z"
36,7,75000,"2030-07-17T20:00:00.000Z"
28,15,250000,"2030-10-11T20:00:00.000Z"
49,50,35000,"2031-11-22T20:00:00.000Z"
35,23,35000,"2031-05-11T20:00:00.000Z"
92,40,20000,"2031-09-18T20:00:00.000Z"
42,74,75000,"2030-06-01T20:00:00.000Z"
8,85,120000,"2031-04-05T20:00:00.000Z"
22,4,50000,"2030-05-07T20:00:00.000Z"
39,8,20000,"2031-10-23T20:00:00.000Z"
86,62,35000,"2031-12-07T20:00:00.000Z"
83,14,250000,"2031-08-23T20:00:00.000Z"
19,48,50000,"2030-05-28T20:00:00.000Z"
68,55,20000,"2031-10-07T20:00:00.000Z"
61,59,120000,"2031-10-17T20:00:00.000Z"
76,10,35000,"2031-03-22T20:00:00.000Z"
1,45,35000,"2031-12-23T20:00:00.000Z"
77,63,75000,"2031-02-14T20:00:00.000Z"
22,69,50000,"2031-05-05T20:00:00.000Z"
12,91,50000,"2030-03-16T20:00:00.000Z"
60,67,250000,"2031-05-02T20:00:00.000Z"
0,58,250000,"2031-01-09T20:00:00.000Z"
6,30,120000,"2030-03-11T20:00:00.000Z"
72,18,20000,"2031-11-27T20:00:00.000Z"
36,71,250000,"2031-03-26T20:00:00.000Z"
44,17,35000,"2031-06-20T20:00:00.000Z"
66,19,75000,"2031-02-26T20:00:00.000Z"
18,9,250000,"2030-05-24T20:00:00.000Z"
50,5,0,"2030-06-30T20:00:00.000Z"
13,72,35000,"2030-06-15T20:00:00.000Z"
99,60,35000,"2031-09-25T20:00:00.000Z"
30,38,20000,"2030-10-03T20:00:00.000Z"
36,18,0,"2030-10-31T20:00:00.000Z"
45,19,75000,"2030-10-31T20:00:00.000Z"
81,26,50000,"2030-12-05T20:00:00.000Z"
36,47,120000,"2030-12-26T20:00:00.000Z"
69,61,0,"2030-04-05T20:00:00.000Z"
40,20,120000,"2031-10-11T20:00:00.000Z"
95,50,75000,"2030-05-08T20:00:00.000Z"
42,50,0,"2030-10-02T20:00:00.000Z"
97,99,120000,"2031-11-04T20:00:00.000Z"
93,17,20000,"2031-10-16T20:00:00.000Z"
64,28,35000,"2031-06-08T20:00:00.000Z"
63,37,35000,"2030-07-18T20:00:00.000Z"
76,12,0,"2031-05-10T20:00:00.000Z"
23,28,75000,"2031-09-13T20:00:00.000Z"
80,27,50000,"2030-10-15T20:00:00.000Z"
56,86,0,"2030-11-03T20:00:00.000Z"
95,5,120000,"2031-10-10T20:00:00.000Z"
7,63,120000,"2031-11-27T20:00:00.000Z"
41,91,120000,"2030-11-05T20:00:00.000Z"
51,62,35000,"2031-04-05T20:00:00.000Z"
14,11,0,"2030-12-10T20:00:00.000Z"
9,23,75000,"2031-07-13T20:00:00.000Z"
75,45,0,"2031-05-11T20:00:00.000Z"
80,29,20000,"2031-08-29T20:00:00.000Z"
89,1,0,"2030-04-24T20:00:00.000Z"
14,10,35000,"2031-06-02T20:00:00.000Z"
76,5,0,"2030-06-24T20:00:00.000Z"
11,55,75000,"2031-04-10T20:00:00.000Z"
8,88,20000,"2030-04-12T20:00:00.000Z"
56,32,120000,"2031-05-23T20:00:00.000Z"
32,83,120000,"2031-08-03T20:00:00.000Z"
78,15,35000,"2031-09-24T20:00:00.000Z"
21,32,50000,"2031-04-03T20:00:00.000Z"
51,11,20000,"2031-04-23T20:00:00.000Z"
61,91,75000,"2030-12-16T20:00:00.000Z"
12,2,50000,"2030-06-10T20:00:00.000Z"
69,49,50000,"2030-11-27T20:00:00.000Z"
27,86,250000,"2030-03-30T20:00:00.000Z"
38,48,75000,"2030-04-30T20:00:00.000Z"
73,29,120000,"2031-04-13T20:00:00.000Z"
17,15,50000,"2030-12-30T20:00:00.000Z"
60,22,120000,"2031-05-22T20:00:00.000Z"
25,91,50000,"2030-04-23T20:00:00.000Z"
80,40,250000,"2030-04-27T20:00:00.000Z"
87,76,120000,"2030-10-15T20:00:00.000Z"
96,16,50000,"2031-08-20T20:00:00.000Z"
9,74,50000,"2031-06-25T20:00:00.000Z"
45,11,75000,"2030-04-30T20:00:00.000Z"
85,48,250000,"2031-12-15T20:00:00.000Z"
92,1,120000,"2030-04-23T20:00:00.000Z"
27,79,20000,"2031-08-13T20:00:00.000Z"
0,59,75000,"2030-05-06T20:00:00.000Z"
36,30,20000,"2031-12-31T20:00:00.000Z"
41,55,120000,"2030-04-08T20:00:00.000Z"
98,20,0,"2030-08-07T20:00:00.000Z"
32,49,250000,"2030-08-06T20:00:00.000Z"
14,3,50000,"2031-01-26T20:00:00.000Z"
6,5,250000,"2031-04-19T20:00:00.000Z"
59,51,120000,"2031-07-08T20:00:00.000Z"
13,99,0,"2031-08-27T20:00:00.000Z"
73,45,35000,"2031-02-17T20:00:00.000Z"
51,37,120000,"2031-03-11T20:00:00.000Z"
89,72,75000,"2030-03-19T20:00:00.000Z"
30,85,0,"2031-09-07T20:00:00.000Z"
79,30,75000,"2031-04-17T20:00:00.000Z"
69,97,20000,"2030-08-31T20:00:00.000Z"
47,34,35000,"2031-09-21T20:00:00.000Z"
19,52,50000,"2031-05-07T20:00:00.000Z"
39,36,20000,"2030-10-17T20:00:00.000Z"
20,0,0,"2030-08-09T20:00:00.000Z"
98,44,35000,"2030-03-31T20:00:00.000Z"
93,12,20000,"2031-01-22T20:00:00.000Z"
36,53,250000,"2030-02-05T20:00:00.000Z"
56,37,250000,"2031-03-22T20:00:00.000Z"
49,77,0,"2031-04-30T20:00:00.000Z"
76,61,75000,"2030-02-21T20:00:00.000Z"
56,90,35000,"2031-12-14T20:00:00.000Z"
54,80,250000,"2031-03-20T20:00:00.000Z"
76,75,50000,"2031-11-06T20:00:00.000Z"
33,74,75000,"2031-09-27T20:00:00.000Z"
24,76,250000,"2030-12-25T20:00:00.000Z"
48,89,50000,"2030-10-10T20:00:00.000Z"
56,59,0,"2030-09-01T20:00:00.000Z"
0,21,0,"2030-06-20T20:00:00.000Z"
30,73,120000,"2030-02-03T20:00:00.000Z"
62,17,75000,"2030-09-23T20:00:00.000Z"
4,31,75000,"2031-08-25T20:00:00.000Z"
18,67,75000,"2030-10-08T20:00:00.000Z"
65,78,250000,"2031-12-18T20:00:00.000Z"
36,17,75000,"2031-09-19T20:00:00.000Z"
93,83,0,"2031-04-17T20:00:00.000Z"
63,80,20000,"2030-09-17T20:00:00.000Z"
49,28,0,"2030-07-19T20:00:00.000Z"
63,51,50000,"2031-06-06T20:00:00.000Z"
98,4,20000,"2031-05-03T20:00:00.000Z"
77,38,120000,"2030-10-01T20:00:00.000Z"
64,13,50000,"2031-04-27T20:00:00.000Z"
17,90,20000,"2031-06-08T20:00:00.000Z"
16,81,35000,"2030-03-27T20:00:00.000Z"
97,35,120000,"2030-12-18T20:00:00.000Z"
84,74,75000,"2031-04-05T20:00:00.000Z"
85,25,50000,"2030-08-07T20:00:00.000Z"
6,13,75000,"2031-12-01T20:00:00.000Z"
93,87,0,"2030-03-23T20:00:00.000Z"
8,14,0,"2031-06-10T20:00:00.000Z"
98,74,0,"2031-11-26T20:00:00.000Z"
14,11,50000,"2031-07-06T20:00:00.000Z"
92,37,75000,"2031-02-08T20:00:00.000Z"
89,4,35000,"2030-06-08T20:00:00.000Z"
63,84,20000,"2030-02-08T20:00:00.000Z"
9,6,35000,"2031-10-13T20:00:00.000Z"
11,63,35000,"2031-05-15T20:00:00.000Z"
67,90,75000,"2031-02-23T20:00:00.000Z"
92,40,75000,"2030-02-01T20:00:00.000Z"
10,56,75000,"2030-10-10T20:00:00.000Z"
92,86,250000,"2030-10-23T20:00:00.000Z"
1,93,75000,"2030-05-21T20:00:00.000Z"
37,72,0,"2030-08-26T20:00:00.000Z"
21,52,120000,"2030-07-24T20:00:00.000Z"
30,70,250000,"2030-05-26T20:00:00.000Z"
96,25,120000,"2031-06-13T20:00:00.000Z"
20,59,35000,"2031-05-17T20:00:00.000Z"
59,26,50000,"2030-08-28T20:00:00.000Z"
4,36,250000,"2031-06-16T20:00:00.000Z"
39,87,250000,"2031-10-12T20:00:00.000Z"
60,37,20000,"2031-10-05T20:00:00.000Z"
88,53,250000,"2031-01-07T20:00:00.000Z"
9,61,0,"2030-12-24T20:00:00.000Z"
29,82,50000,"2031-09-17T20:00:00.000Z"
11,3,250000,"2030-05-26T20:00:00.000Z"
48,59,120000,"2031-03-11T20:00:00.000Z"
89,91,35000,"2030-05-20T20:00:00.000Z"
6,13,75000,"2031-09-18T20:00:00.000Z"
89,26,20000,"2031-10-19T20:00:00.000Z"
89,32,35000,"2031-05-27T20:00:00.000Z"
65,41,75000,"2030-10-30T20:00:00.000Z"
86,98,250000,"2031-07-24T20:00:00.000Z"
3,48,0,"2030-03-18T20:00:00.000Z"
99,19,20000,"2031-09-17T20:00:00.000Z"
68,7,75000,"2030-06-20T20:00:00.000Z"
88,71,35000,"2031-05-25T20:00:00.000Z"
89,92,120000,"2031-10-17T20:00:00.000Z"
38,42,0,"2031-03-08T20:00:00.000Z"
71,67,20000,"2031-04-11T20:00:00.000Z"
68,89,50000,"2030-11-26T20:00:00.000Z"
40,69,0,"2030-10-10T20:00:00.000Z"
66,96,50000,"2030-11-14T20:00:00.000Z"
19,92,250000,"2030-07-17T20:00:00.000Z"
51,40,20000,"2030-05-19T20:00:00.000Z"
35,84,75000,"2031-08-09T20:00:00.000Z"
78,61,20000,"2031-01-25T20:00:00.000Z"
59,48,20000,"2031-07-14T20:00:00.000Z"
60,46,250000,"2031-10-27T20:00:00.000Z"
75,43,250000,"2030-11-19T20:00:00.000Z"
34,6,20000,"2030-06-20T20:00:00.000Z"
77,5,20000,"2031-02-24T20:00:00.000Z"
48,74,75000,"2030-05-29T20:00:00.000Z"
8,57,20000,"2031-11-04T20:00:00.000Z"
88,95,250000,"2031-01-26T20:00:00.000Z"
20,43,35000,"2030-08-06T20:00:00.000Z"
29,37,35000,"2030-12-04T20:00:00.000Z"
67,50,20000,"2030-02-01T20:00:00.000Z"
22,94,0,"2031-08-09T20:00:00.000Z"
36,56,0,"2030-09-14T20:00:00.000Z"
11,4,120000,"2031-07-31T20:00:00.000Z"
97,66,75000,"2031-12-11T20:00:00.000Z"
78,75,35000,"2030-07-06T20:00:00.000Z"
0,64,50000,"2031-02-02T20:00:00.000Z"
25,6,250000,"2030-11-02T20:00:00.000Z"
87,71,120000,"2030-08-06T20:00:00.000Z"
84,28,35000,"2030-11-12T20:00:00.000Z"
47,9,120000,"2031-03-29T20:00:00.000Z"
57,40,250000,"2030-06-03T20:00:00.000Z"
0,66,50000,"2030-03-08T20:00:00.000Z"
91,60,20000,"2031-11-11T20:00:00.000Z"
5,74,0,"2031-08-04T20:00:00.000Z"
81,75,20000,"2030-08-17T20:00:00.000Z"
8,88,20000,"2031-07-14T20:00:00.000Z"
3,5,120000,"2031-10-25T20:00:00.000Z"
21,77,20000,"2030-10-05T20:00:00.000Z"
86,64,20000,"2031-05-28T20:00:00.000Z"
21,17,50000,"2031-05-01T20:00:00.000Z"
5,33,250000,"2031-02-24T20:00:00.000Z"
97,87,250000,"2030-06-22T20:00:00.000Z"
12,42,50000,"2031-07-15T20:00:00.000Z"
16,84,120000,"2030-11-10T20:00:00.000Z"
97,49,75000,"2031-07-29T20:00:00.000Z"
23,25,20000,"2030-11-18T20:00:00.000Z"
79,38,75000,"2031-08-08T20:00:00.000Z"
73,76,75000,"2031-04-30T20:00:00.000Z"
27,7,250000,"2031-05-22T20:00:00.000Z"
99,71,20000,"2031-08-24T20:00:00.000Z"
17,80,35000,"2031-04-02T20:00:00.000Z"
2,45,120000,"2031-02-11T20:00:00.000Z"
17,10,35000,"2030-05-31T20:00:00.000Z"
78,71,0,"2031-02-04T20:00:00.000Z"
1,99,50000,"2030-04-07T20:00:00.000Z"
77,7,250000,"2030-09-08T20:00:00.000Z"
0,19,50000,"2031-01-22T20:00:00.000Z"
89,43,0,"2031-02-20T20:00:00.000Z"
78,40,120000,"2031-07-24T20:00:00.000Z"
66,57,75000,"2031-10-02T20:00:00.000Z"
46,62,35000,"2031-09-28T20:00:00.000Z"
70,82,250000,"2030-09-07T20:00:00.000Z"
1,62,75000,"2030-10-05T20:00:00.000Z"
61,71,120000,"2030-09-05T20:00:00.000Z"
98,35,0,"2031-10-17T20:00:00.000Z"
3,71,250000,"2030-07-14T20:00:00.000Z"
58,50,35000,"2030-09-09T20:00:00.000Z"
14,10,0,"2031-01-23T20:00:00.000Z"
0,10,250000,"2030-08-15T20:00:00.000Z"
39,80,75000,"2030-08-22T20:00:00.000Z"
8,17,0,"2030-12-18T20:00:00.000Z"
61,32,120000,"2031-05-27T20:00:00.000Z"
30,44,75000,"2030-09-13T20:00:00.000Z"
36,78,120000,"2031-03-10T20:00:00.000Z"
5,13,120000,"2030-12-19T20:00:00.000Z"
62,93,250000,"2031-11-30T20:00:00.000Z"
28,81,0,"2030-12-31T20:00:00.000Z"
83,35,120000,"2031-09-30T20:00:00.000Z"
36,31,120000,"2030-12-10T20:00:00.000Z"
22,57,75000,"2031-10-15T20:00:00.000Z"
34,64,120000,"2031-11-13T20:00:00.000Z"
39,35,250000,"2030-06-06T20:00:00.000Z"
48,10,75000,"2031-02-24T20:00:00.000Z"
32,99,35000,"2030-04-05T20:00:00.000Z"
12,33,35000,"2030-05-22T20:00:00.000Z"
58,72,20000,"2030-09-26T20:00:00.000Z"
81,48,50000,"2031-01-10T20:00:00.000Z"
95,13,35000,"2031-07-09T20:00:00.000Z"
85,40,50000,"2031-01-09T20:00:00.000Z"
24,66,250000,"2031-02-12T20:00:00.000Z"
0,99,120000,"2030-04-10T20:00:00.000Z"
56,19,75000,"2030-06-18T20:00:00.000Z"
65,48,75000,"2031-05-13T20:00:00.000Z"
79,64,20000,"2031-10-22T20:00:00.000Z"
23,88,20000,"2031-10-30T20:00:00.000Z"
39,69,250000,"2031-01-08T20:00:00.000Z"
88,42,0,"2030-11-16T20:00:00.000Z"
57,48,75000,"2030-02-25T20:00:00.000Z"
56,12,75000,"2031-06-22T20:00:00.000Z"
72,49,20000,"2031-11-23T20:00:00.000Z"
37,34,20000,"2031-12-24T20:00:00.000Z"
16,39,35000,"2031-04-11T20:00:00.000Z"
22,49,75000,"2030-05-21T20:00:00.000Z"
23,94,120000,"2031-06-22T20:00:00.000Z"
82,68,20000,"2031-07-14T20:00:00.000Z"
65,7,250000,"2031-11-25T20:00:00.000Z"
94,60,75000,"2030-06-27T20:00:00.000Z"
27,86,250000,"2030-10-30T20:00:00.000Z"
6,28,250000,"2031-07-06T20:00:00.000Z"
0,74,120000,"2031-01-02T20:00:00.000Z"
24,3,50000,"2031-09-04T20:00:00.000Z"
21,63,75000,"2030-12-19T20:00:00.000Z"
38,42,50000,"2030-06-27T20:00:00.000Z"
31,22,20000,"2030-12-02T20:00:00.000Z"
75,30,20000,"2030-12-28T20:00:00.000Z"
74,26,75000,"2031-12-21T20:00:00.000Z"
85,91,20000,"2030-06-20T20:00:00.000Z"
17,98,75000,"2030-09-21T20:00:00.000Z"
55,1,35000,"2031-05-12T20:00:00.000Z"
16,47,0,"2030-04-06T20:00:00.000Z"
61,13,35000,"2030-04-19T20:00:00.000Z"
96,23,35000,"2031-02-26T20:00:00.000Z"
44,85,0,"2031-03-06T20:00:00.000Z"
75,70,35000,"2031-03-05T20:00:00.000Z"
21,11,50000,"2030-08-02T20:00:00.000Z"
14,94,50000,"2031-11-14T20:00:00.000Z"
27,69,20000,"2031-02-15T20:00:00.000Z"
0,23,0,"2030-11-12T20:00:00.000Z"
88,59,20000,"2030-12-03T20:00:00.000Z"
59,92,50000,"2030-08-02T20:00:00.000Z"
26,64,20000,"2031-06-06T20:00:00.000Z"
1,19,50000,"2030-10-21T20:00:00.000Z"
91,6,0,"2030-12-28T20:00:00.000Z"
93,92,0,"2031-11-04T20:00:00.000Z"
32,11,20000,"2031-01-02T20:00:00.000Z"
71,67,120000,"2031-03-14T20:00:00.000Z"
90,83,75000,"2031-08-16T20:00:00.000Z"
78,63,0,"2030-10-26T20:00:00.000Z"
32,85,20000,"2030-06-22T20:00:00.000Z"
28,74,50000,"2030-02-19T20:00:00.000Z"
8,15,75000,"2030-02-17T20:00:00.000Z"
14,78,35000,"2031-08-31T20:00:00.000Z"
45,5,35000,"2031-04-22T20:00:00.000Z"
36,57,75000,"2030-06-07T20:00:00.000Z"
68,16,75000,"2030-12-22T20:00:00.000Z"
66,21,35000,"2031-05-01T20:00:00.000Z"
53,39,35000,"2031-02-25T20:00:00.000Z"
43,41,20000,"2031-02-10T20:00:00.000Z"
16,7,20000,"2031-07-03T20:00:00.000Z"
97,88,0,"2030-03-24T20:00:00.000Z"
27,9,120000,"2030-09-07T20:00:00.000Z"
9,73,20000,"2030-05-28T20:00:00.000Z"
58,14,250000,"2030-09-12T20:00:00.000Z"
97,1,0,"2031-05-22T20:00:00.000Z"
64,98,75000,"2030-10-26T20:00:00.000Z"
38,24,50000,"2030-09-01T20:00:00.000Z"
91,78,20000,"2030-04-03T20:00:00.000Z"
17,8,250000,"2031-12-19T20:00:00.000Z"
17,55,0,"2031-11-25T20:00:00.000Z"
11,97,35000,"2031-10-13T20:00:00.000Z"
29,60,50000,"2031-10-29T20:00:00.000Z"
0,93,0,"2031-12-20T20:00:00.000Z"
24,6,35000,"2030-12-06T20:00:00.000Z"
15,32,50000,"2030-04-30T20:00:00.000Z"
43,49,120000,"2030-06-06T20:00:00.000Z"
10,78,0,"2031-07-09T20:00:00.000Z"
41,53,120000,"2030-04-28T20:00:00.000Z"
74,12,250000,"2030-03-27T20:00:00.000Z"
83,65,75000,"2030-11-13T20:00:00.000Z"
65,35,75000,"2031-12-02T20:00:00.000Z"
73,87,120000,"2031-04-20T20:00:00.000Z"
82,72,50000,"2030-06-13T20:00:00.000Z"
15,67,35000,"2031-07-19T20:00:00.000Z"
67,88,35000,"2030-12-27T20:00:00.000Z"
5,89,250000,"2031-03-01T20:00:00.000Z"
34,2,0,"2031-10-05T20:00:00.000Z"
52,63,35000,"2031-04-23T20:00:00.000Z"
36,19,120000,"2031-10-19T20:00:00.000Z"
34,39,250000,"2030-02-03T20:00:00.000Z"
56,56,0,"2030-03-19T20:00:00.000Z"
83,9,120000,"2030-07-07T20:00:00.000Z"
38,79,75000,"2030-05-06T20:00:00.000Z"
0,24,20000,"2030-04-30T20:00:00.000Z"
38,54,35000,"2031-08-09T20:00:00.000Z"
4,19,0,"2030-03-14T20:00:00.000Z"
18,89,35000,"2031-12-14T20:00:00.000Z"
14,39,75000,"2031-06-27T20:00:00.000Z"
62,94,250000,"2031-06-22T20:00:00.000Z"
54,74,35000,"2031-03-26T20:00:00.000Z"
30,46,20000,"2031-04-08T20:00:00.000Z"
97,98,75000,"2031-08-27T20:00:00.000Z"
38,55,20000,"2031-07-07T20:00:00.000Z"
39,22,50000,"2031-07-26T20:00:00.000Z"
72,37,120000,"2030-08-07T20:00:00.000Z"
3,39,20000,"2030-05-11T20:00:00.000Z"
32,1,0,"2031-01-29T20:00:00.000Z"
70,90,250000,"2031-02-23T20:00:00.000Z"
10,34,0,"2031-05-24T20:00:00.000Z"
53,28,50000,"2031-08-02T20:00:00.000Z"
96,94,35000,"2030-02-26T20:00:00.000Z"
90,87,0,"2031-01-29T20:00:00.000Z"
17,10,0,"2031-07-02T20:00:00.000Z"
71,67,35000,"2031-06-05T20:00:00.000Z"
5,92,50000,"2030-06-18T20:00:00.000Z"
5,12,75000,"2030-11-10T20:00:00.000Z"
0,40,250000,"2031-12-25T20:00:00.000Z"
7,4,0,"2030-08-31T20:00:00.000Z"
82,62,0,"2030-10-08T20:00:00.000Z"
20,58,35000,"2031-05-21T20:00:00.000Z"
32,6,20000,"2030-07-17T20:00:00.000Z"
74,30,0,"2030-02-05T20:00:00.000Z"
31,83,120000,"2031-10-21T20:00:00.000Z"
65,21,35000,"2030-04-11T20:00:00.000Z"
82,10,35000,"2030-04-02T20:00:00.000Z"
78,96,35000,"2031-08-16T20:00:00.000Z"
70,53,35000,"2031-08-06T20:00:00.000Z"
29,4,50000,"2030-08-12T20:00:00.000Z"
50,74,120000,"2031-01-23T20:00:00.000Z"
49,9,20000,"2031-08-22T20:00:00.000Z"
64,93,35000,"2030-05-15T20:00:00.000Z"
90,24,0,"2030-07-14T20:00:00.000Z"
94,47,50000,"2030-11-15T20:00:00.000Z"
71,48,35000,"2031-09-19T20:00:00.000Z"
48,59,75000,"2031-08-19T20:00:00.000Z"
48,20,35000,"2031-12-14T20:00:00.000Z"
65,14,0,"2030-06-12T20:00:00.000Z"
16,63,75000,"2031-12-31T20:00:00.000Z"
68,41,120000,"2031-10-02T20:00:00.000Z"
52,55,50000,"2030-03-01T20:00:00.000Z"
34,0,0,"2030-08-25T20:00:00.000Z"
73,84,35000,"2030-05-17T20:00:00.000Z"
6,76,50000,"2030-08-12T20:00:00.000Z"
39,28,120000,"2030-03-26T20:00:00.000Z"
27,78,250000,"2031-08-13T20:00:00.000Z"
80,27,250000,"2031-03-22T20:00:00.000Z"
14,48,35000,"2030-10-16T20:00:00.000Z"
57,75,75000,"2030-11-03T20:00:00.000Z"
55,73,250000,"2031-11-29T20:00:00.000Z"
54,1,20000,"2031-02-21T20:00:00.000Z"
45,1,250000,"2030-12-13T20:00:00.000Z"
0,77,35000,"2031-02-05T20:00:00.000Z"
45,70,0,"2031-07-12T20:00:00.000Z"
25,13,0,"2031-07-20T20:00:00.000Z"
82,38,0,"2030-10-02T20:00:00.000Z"
42,70,0,"2031-08-20T20:00:00.000Z"
71,20,0,"2031-01-15T20:00:00.000Z"
65,75,120000,"2030-02-27T20:00:00.000Z"
73,33,75000,"2031-12-16T20:00:00.000Z"
61,44,20000,"2031-11-02T20:00:00.000Z"
85,45,120000,"2030-10-10T20:00:00.000Z"
21,9,35000,"2031-08-27T20:00:00.000Z"
59,34,35000,"2031-10-22T20:00:00.000Z"
78,55,120000,"2030-12-06T20:00:00.000Z"
51,47,75000,"2031-11-16T20:00:00.000Z"
43,56,250000,"2031-07-04T20:00:00.000Z"
6,72,0,"2031-10-16T20:00:00.000Z"
83,29,75000,"2030-12-19T20:00:00.000Z"
71,11,35000,"2031-08-24T20:00:00.000Z"
19,80,120000,"2030-06-23T20:00:00.000Z"
39,64,75000,"2031-01-16T20:00:00.000Z"
68,69,0,"2030-04-01T20:00:00.000Z"
23,13,20000,"2030-05-16T20:00:00.000Z"
5,74,120000,"2031-11-11T20:00:00.000Z"
68,20,50000,"2031-04-08T20:00:00.000Z"
60,62,75000,"2030-02-22T20:00:00.000Z"
85,26,50000,"2030-06-24T20:00:00.000Z"
54,67,120000,"2031-01-24T20:00:00.000Z"
25,53,120000,"2030-02-19T20:00:00.000Z"
50,80,250000,"2030-06-05T20:00:00.000Z"
73,25,35000,"2031-11-12T20:00:00.000Z"
51,32,120000,"2030-02-04T20:00:00.000Z"
90,81,75000,"2031-12-16T20:00:00.000Z"
22,96,50000,"2030-05-06T20:00:00.000Z"
67,98,75000,"2031-01-22T20:00:00.000Z"
43,89,120000,"2030-12-25T20:00:00.000Z"
27,32,120000,"2031-07-03T20:00:00.000Z"
92,81,75000,"2031-08-14T20:00:00.000Z"
45,46,250000,"2031-11-21T20:00:00.000Z"
66,13,250000,"2031-02-04T20:00:00.000Z"
11,58,35000,"2030-06-03T20:00:00.000Z"
29,15,0,"2031-11-06T20:00:00.000Z"
14,91,250000,"2031-03-22T20:00:00.000Z"
85,40,35000,"2031-11-24T20:00:00.000Z"
64,31,120000,"2030-08-24T20:00:00.000Z"
96,92,250000,"2031-05-11T20:00:00.000Z"
41,87,120000,"2031-07-13T20:00:00.000Z"
17,73,250000,"2030-06-08T20:00:00.000Z"
80,59,75000,"2031-08-24T20:00:00.000Z"
73,26,50000,"2030-06-02T20:00:00.000Z"
82,18,35000,"2030-07-02T20:00:00.000Z"
65,90,250000,"2031-12-01T20:00:00.000Z"
61,83,0,"2031-06-27T20:00:00.000Z"
97,59,0,"2030-05-04T20:00:00.000Z"
19,11,35000,"2031-08-29T20:00:00.000Z"
51,48,35000,"2031-08-16T20:00:00.000Z"
49,91,50000,"2031-10-09T20:00:00.000Z"
82,64,50000,"2030-09-16T20:00:00.000Z"
84,42,35000,"2030-02-21T20:00:00.000Z"
47,88,120000,"2031-04-30T20:00:00.000Z"
53,21,35000,"2031-01-09T20:00:00.000Z"
62,55,75000,"2030-06-22T20:00:00.000Z"
96,36,0,"2031-01-07T20:00:00.000Z"
2,48,120000,"2030-10-10T20:00:00.000Z"
84,65,120000,"2031-07-13T20:00:00.000Z"
14,91,50000,"2030-12-07T20:00:00.000Z"
90,80,50000,"2031-03-09T20:00:00.000Z"
80,59,50000,"2030-09-09T20:00:00.000Z"
82,80,50000,"2030-11-01T20:00:00.000Z"
93,81,0,"2031-01-27T20:00:00.000Z"
47,27,75000,"2031-12-22T20:00:00.000Z"
84,60,120000,"2031-12-08T20:00:00.000Z"
53,91,120000,"2030-06-25T20:00:00.000Z"
62,94,120000,"2030-07-17T20:00:00.000Z"
29,0,50000,"2030-08-14T20:00:00.000Z"
95,1,0,"2030-11-01T20:00:00.000Z"
96,98,20000,"2031-05-04T20:00:00.000Z"
23,61,75000,"2030-10-03T20:00:00.000Z"
6,3,120000,"2030-12-08T20:00:00.000Z"
96,49,250000,"2031-10-04T20:00:00.000Z"
35,82,50000,"2030-11-07T20:00:00.000Z"
49,87,50000,"2030-03-15T20:00:00.000Z"
89,21,35000,"2030-12-22T20:00:00.000Z"
7,94,0,"2030-12-10T20:00:00.000Z"
52,12,250000,"2031-10-12T20:00:00.000Z"
17,50,75000,"2031-04-16T20:00:00.000Z"
62,34,75000,"2031-10-09T20:00:00.000Z"
17,56,75000,"2030-12-30T20:00:00.000Z"
17,52,250000,"2031-10-12T20:00:00.000Z"
34,12,35000,"2031-10-26T20:00:00.000Z"
13,15,0,"2030-09-29T20:00:00.000Z"
12,91,35000,"2030-06-20T20:00:00.000Z"
17,64,250000,"2030-03-27T20:00:00.000Z"
74,25,35000,"2031-10-31T20:00:00.000Z"
64,42,20000,"2030-06-19T20:00:00.000Z"
10,98,50000,"2030-09-04T20:00:00.000Z"
92,17,35000,"2031-03-30T20:00:00.000Z"
6,37,0,"2030-11-05T20:00:00.000Z"
4,3,20000,"2030-02-15T20:00:00.000Z"
90,22,20000,"2031-01-17T20:00:00.000Z"
63,94,250000,"2031-04-13T20:00:00.000Z"
26,94,120000,"2030-11-08T20:00:00.000Z"
18,1,50000,"2030-06-20T20:00:00.000Z"
23,67,75000,"2030-03-05T20:00:00.000Z"
63,95,0,"2031-10-16T20:00:00.000Z"
89,55,20000,"2031-08-25T20:00:00.000Z"
21,60,20000,"2031-01-08T20:00:00.000Z"
4,95,120000,"2030-10-02T20:00:00.000Z"
70,46,75000,"2030-08-30T20:00:00.000Z"
38,89,50000,"2031-11-22T20:00:00.000Z"
88,34,75000,"2031-03-07T20:00:00.000Z"
84,36,50000,"2031-01-20T20:00:00.000Z"
38,4,250000,"2030-12-25T20:00:00.000Z"
38,87,75000,"2030-03-20T20:00:00.000Z"
83,11,120000,"2031-04-16T20:00:00.000Z"
0,93,20000,"2031-10-06T20:00:00.000Z"
28,64,250000,"2030-08-13T20:00:00.000Z"
7,67,20000,"2030-02-12T20:00:00.000Z"
95,19,120000,"2031-10-19T20:00:00.000Z"
5,50,35000,"2031-04-24T20:00:00.000Z"
36,65,120000,"2030-12-13T20:00:00.000Z"
43,81,120000,"2031-06-15T20:00:00.000Z"
66,33,0,"2030-07-03T20:00:00.000Z"
4,76,35000,"2030-10-11T20:00:00.000Z"
32,96,35000,"2030-04-20T20:00:00.000Z"
63,16,20000,"2031-07-10T20:00:00.000Z"
20,83,120000,"2031-04-20T20:00:00.000Z"
80,33,50000,"2031-02-19T20:00:00.000Z"
82,1,50000,"2030-09-30T20:00:00.000Z"
25,10,20000,"2031-11-23T20:00:00.000Z"
1,56,0,"2031-11-06T20:00:00.000Z"
29,81,0,"2030-07-05T20:00:00.000Z"
87,88,250000,"2031-07-16T20:00:00.000Z"
69,47,20000,"2031-10-27T20:00:00.000Z"
99,6,20000,"2030-05-20T20:00:00.000Z"
87,85,0,"2030-12-25T20:00:00.000Z"
8,34,50000,"2030-03-04T20:00:00.000Z"
39,74,35000,"2031-03-23T20:00:00.000Z"
82,59,35000,"2030-08-24T20:00:00.000Z"
67,22,75000,"2030-02-09T20:00:00.000Z"
4,90,50000,"2031-02-23T20:00:00.000Z"
20,99,75000,"2031-10-15T20:00:00.000Z"
28,19,35000,"2031-06-11T20:00:00.000Z"
86,83,35000,"2031-07-28T20:00:00.000Z"
56,89,20000,"2031-09-10T20:00:00.000Z"
70,2,120000,"2030-05-10T20:00:00.000Z"
57,74,20000,"2031-07-31T20:00:00.000Z"
97,87,50000,"2030-12-02T20:00:00.000Z"
4,53,250000,"2030-07-13T20:00:00.000Z"
46,38,0,"2031-07-07T20:00:00.000Z"
60,4,250000,"2030-12-01T20:00:00.000Z"
20,80,0,"2031-12-26T20:00:00.000Z"
75,95,35000,"2030-11-08T20:00:00.000Z"
40,45,120000,"2031-06-05T20:00:00.000Z"
32,85,120000,"2031-06-19T20:00:00.000Z"
77,44,250000,"2030-09-18T20:00:00.000Z"
14,30,0,"2031-11-02T20:00:00.000Z"
8,54,75000,"2030-05-26T20:00:00.000Z"
5,96,75000,"2030-10-14T20:00:00.000Z"
15,5,75000,"2031-07-27T20:00:00.000Z"
20,78,75000,"2031-08-14T20:00:00.000Z"
2,85,120000,"2030-02-19T20:00:00.000Z"
73,26,120000,"2030-09-27T20:00:00.000Z"
49,36,20000,"2031-05-15T20:00:00.000Z"
70,74,20000,"2030-04-21T20:00:00.000Z"
0,66,120000,"2030-12-26T20:00:00.000Z"
32,81,250000,"2030-11-24T20:00:00.000Z"
80,65,250000,"2031-11-09T20:00:00.000Z"
56,70,35000,"2031-01-12T20:00:00.000Z"
40,28,0,"2031-02-01T20:00:00.000Z"
2,85,50000,"2031-07-18T20:00:00.000Z"
38,82,50000,"2031-03-14T20:00:00.000Z"
14,42,120000,"2031-06-29T20:00:00.000Z"
49,20,75000,"2031-04-19T20:00:00.000Z"
67,95,120000,"2030-11-25T20:00:00.000Z"
6,43,250000,"2030-10-25T20:00:00.000Z"
55,1,75000,"2030-09-21T20:00:00.000Z"
74,8,120000,"2030-07-06T20:00:00.000Z"
0,99,20000,"2031-12-24T20:00:00.000Z"
53,78,20000,"2030-09-14T20:00:00.000Z"
98,91,50000,"2030-03-20T20:00:00.000Z"
14,86,120000,"2030-07-31T20:00:00.000Z"
96,28,250000,"2030-03-23T20:00:00.000Z"
67,97,50000,"2030-07-08T20:00:00.000Z"
98,4,250000,"2031-02-23T20:00:00.000Z"
54,83,20000,"2031-08-19T20:00:00.000Z"
4,58,120000,"2031-11-08T20:00:00.000Z"
83,97,0,"2030-08-26T20:00:00.000Z"
80,79,250000,"2031-08-16T20:00:00.000Z"
89,63,250000,"2031-03-26T20:00:00.000Z"
59,20,250000,"2031-12-05T20:00:00.000Z"
20,65,35000,"2031-05-23T20:00:00.000Z"
71,14,0,"2031-08-06T20:00:00.000Z"
64,40,75000,"2031-03-23T20:00:00.000Z"
11,3,75000,"2030-10-06T20:00:00.000Z"
4,88,120000,"2030-03-02T20:00:00.000Z"
28,68,35000,"2030-02-08T20:00:00.000Z"
99,76,75000,"2031-02-14T20:00:00.000Z"
57,63,75000,"2031-03-10T20:00:00.000Z"
6,58,75000,"2030-04-18T20:00:00.000Z"
72,68,120000,"2030-03-12T20:00:00.000Z"
22,93,250000,"2031-02-16T20:00:00.000Z"
74,27,0,"2031-12-07T20:00:00.000Z"
70,77,75000,"2030-07-23T20:00:00.000Z"
16,17,0,"2030-05-24T20:00:00.000Z"
2,75,120000,"2031-04-09T20:00:00.000Z"
48,1,20000,"2030-08-23T20:00:00.000Z"
46,65,250000,"2030-02-10T20:00:00.000Z"
1,2,20000,"2031-07-24T20:00:00.000Z"
77,80,50000,"2030-08-01T20:00:00.000Z"
5,75,20000,"2030-09-14T20:00:00.000Z"
21,66,35000,"2031-06-27T20:00:00.000Z"
25,92,20000,"2030-04-16T20:00:00.000Z"
89,39,50000,"2030-02-01T20:00:00.000Z"
46,29,250000,"2030-10-23T20:00:00.000Z"
47,52,250000,"2030-02-27T20:00:00.000Z"
73,56,120000,"2031-06-26T20:00:00.000Z"
12,68,250000,"2031-12-18T20:00:00.000Z"
73,41,35000,"2031-10-19T20:00:00.000Z"
79,34,20000,"2030-12-19T20:00:00.000Z"
47,58,120000,"2030-04-10T20:00:00.000Z"
84,71,50000,"2031-01-15T20:00:00.000Z"
25,93,35000,"2031-12-26T20:00:00.000Z"
98,62,35000,"2031-12-08T20:00:00.000Z"
4,71,120000,"2030-05-02T20:00:00.000Z"
41,49,75000,"2031-03-19T20:00:00.000Z"
6,75,20000,"2030-02-21T20:00:00.000Z"
48,37,75000,"2031-02-11T20:00:00.000Z"
79,80,35000,"2031-07-25T20:00:00.000Z"
45,3,20000,"2031-03-03T20:00:00.000Z"
17,92,20000,"2030-06-05T20:00:00.000Z"
68,13,120000,"2031-06-20T20:00:00.000Z"
22,89,0,"2031-02-22T20:00:00.000Z"
14,43,20000,"2031-03-31T20:00:00.000Z"
88,74,75000,"2031-12-13T20:00:00.000Z"
17,6,0,"2030-06-25T20:00:00.000Z"
26,28,0,"2030-05-19T20:00:00.000Z"
59,92,20000,"2030-08-25T20:00:00.000Z"
10,76,20000,"2031-10-08T20:00:00.000Z"
12,0,250000,"2030-10-19T20:00:00.000Z"
61,55,35000,"2031-12-12T20:00:00.000Z"
10,94,75000,"2030-06-18T20:00:00.000Z"
63,89,50000,"2031-09-23T20:00:00.000Z"
55,51,250000,"2031-09-23T20:00:00.000Z"
3,70,20000,"2031-05-14T20:00:00.000Z"
50,22,75000,"2030-11-20T20:00:00.000Z"
51,45,120000,"2031-11-07T20:00:00.000Z"
67,96,20000,"2030-04-27T20:00:00.000Z"
65,14,250000,"2031-07-10T20:00:00.000Z"
44,77,120000,"2030-05-27T20:00:00.000Z"
31,23,20000,"2031-06-10T20:00:00.000Z"
16,57,0,"2030-02-10T20:00:00.000Z"
30,78,20000,"2030-04-26T20:00:00.000Z"
73,3,120000,"2030-09-06T20:00:00.000Z"
44,54,0,"2030-02-18T20:00:00.000Z"
52,48,0,"2030-09-13T20:00:00.000Z"
83,12,0,"2031-04-28T20:00:00.000Z"
62,88,50000,"2031-12-01T20:00:00.000Z"
50,29,250000,"2030-12-03T20:00:00.000Z"
36,84,0,"2030-09-29T20:00:00.000Z"
38,26,75000,"2031-06-14T20:00:00.000Z"
16,73,0,"2031-12-24T20:00:00.000Z"
53,6,75000,"2031-08-17T20:00:00.000Z"
70,82,0,"2030-12-15T20:00:00.000Z"
73,99,20000,"2031-08-15T20:00:00.000Z"
44,54,35000,"2031-05-02T20:00:00.000Z"
37,13,75000,"2031-09-22T20:00:00.000Z"
33,72,0,"2031-05-05T20:00:00.000Z"
62,87,50000,"2030-02-25T20:00:00.000Z"
99,95,75000,"2030-04-14T20:00:00.000Z"
96,57,0,"2031-07-14T20:00:00.000Z"
7,0,75000,"2030-05-16T20:00:00.000Z"
1,25,20000,"2031-07-14T20:00:00.000Z"
1,27,20000,"2031-12-18T20:00:00.000Z"
66,30,120000,"2031-05-06T20:00:00.000Z"
10,36,0,"2031-10-21T20:00:00.000Z"
47,37,250000,"2030-03-22T20:00:00.000Z"
76,60,50000,"2031-12-01T20:00:00.000Z"
53,15,75000,"2030-08-10T20:00:00.000Z"
29,79,250000,"2030-06-04T20:00:00.000Z"
42,41,120000,"2030-12-01T20:00:00.000Z"
79,85,75000,"2030-09-04T20:00:00.000Z"
68,91,75000,"2030-11-28T20:00:00.000Z"
50,66,0,"2030-05-20T20:00:00.000Z"
47,54,250000,"2030-06-14T20:00:00.000Z"
34,84,0,"2031-01-02T20:00:00.000Z"
58,40,0,"2031-04-22T20:00:00.000Z"
88,74,35000,"2030-12-08T20:00:00.000Z"
75,1,20000,"2030-05-19T20:00:00.000Z"
56,34,20000,"2031-04-25T20:00:00.000Z"
34,54,35000,"2031-04-30T20:00:00.000Z"
21,31,20000,"2031-05-10T20:00:00.000Z"
21,17,20000,"2030-05-22T20:00:00.000Z"
91,11,20000,"2030-07-27T20:00:00.000Z"
6,42,250000,"2030-02-16T20:00:00.000Z"
18,17,0,"2030-02-02T20:00:00.000Z"
92,59,120000,"2031-04-14T20:00:00.000Z"
42,4,50000,"2031-04-15T20:00:00.000Z"
11,32,50000,"2031-05-26T20:00:00.000Z"
73,75,50000,"2031-08-06T20:00:00.000Z"
38,7,20000,"2030-04-29T20:00:00.000Z"
0,11,0,"2031-01-11T20:00:00.000Z"
47,83,75000,"2031-01-11T20:00:00.000Z"
34,14,50000,"2030-03-02T20:00:00.000Z"
88,73,0,"2031-11-23T20:00:00.000Z"
80,54,0,"2031-02-23T20:00:00.000Z"
4,87,35000,"2031-08-12T20:00:00.000Z"
38,19,250000,"2030-03-03T20:00:00.000Z"
74,7,0,"2031-04-23T20:00:00.000Z"
46,80,50000,"2030-03-13T20:00:00.000Z"
92,77,20000,"2030-02-01T20:00:00.000Z"
37,52,75000,"2031-10-19T20:00:00.000Z"
69,0,75000,"2031-03-28T20:00:00.000Z"
46,69,20000,"2030-10-05T20:00:00.000Z"
76,34,20000,"2030-05-04T20:00:00.000Z"
33,62,0,"2030-03-27T20:00:00.000Z"
13,98,120000,"2031-04-17T20:00:00.000Z"
45,41,75000,"2030-12-12T20:00:00.000Z"
7,90,20000,"2030-11-03T20:00:00.000Z"
9,90,50000,"2030-02-21T20:00:00.000Z"
48,0,50000,"2031-01-01T20:00:00.000Z"
51,61,75000,"2031-03-20T20:00:00.000Z"
49,39,120000,"2031-06-29T20:00:00.000Z"
56,77,20000,"2031-05-27T20:00:00.000Z"
46,68,50000,"2030-11-26T20:00:00.000Z"
50,44,20000,"2031-08-18T20:00:00.000Z"
17,39,0,"2030-11-11T20:00:00.000Z"
13,66,35000,"2030-03-16T20:00:00.000Z"
44,34,120000,"2031-09-13T20:00:00.000Z"
35,66,35000,"2031-01-01T20:00:00.000Z"
2,20,75000,"2031-02-07T20:00:00.000Z"
89,15,75000,"2031-08-15T20:00:00.000Z"
73,4,250000,"2031-07-06T20:00:00.000Z"
42,65,0,"2031-10-27T20:00:00.000Z"
5,92,250000,"2031-05-09T20:00:00.000Z"
99,95,20000,"2031-07-06T20:00:00.000Z"
88,65,250000,"2030-10-08T20:00:00.000Z"
74,50,250000,"2031-09-29T20:00:00.000Z"
69,47,120000,"2030-09-29T20:00:00.000Z"
95,3,50000,"2031-01-12T20:00:00.000Z"
1,92,50000,"2031-05-28T20:00:00.000Z"
38,7,0,"2030-06-01T20:00:00.000Z"
11,69,75000,"2031-05-22T20:00:00.000Z"
96,66,250000,"2031-12-11T20:00:00.000Z"
14,56,50000,"2030-03-24T20:00:00.000Z"
74,4,50000,"2030-07-22T20:00:00.000Z"
48,40,35000,"2031-10-14T20:00:00.000Z"
21,46,35000,"2031-12-18T20:00:00.000Z"
45,25,35000,"2031-07-15T20:00:00.000Z"
87,99,250000,"2031-05-13T20:00:00.000Z"
33,43,50000,"2031-09-30T20:00:00.000Z"
18,47,35000,"2031-07-26T20:00:00.000Z"
66,74,0,"2030-12-02T20:00:00.000Z"
77,45,50000,"2031-07-09T20:00:00.000Z"
88,72,250000,"2031-07-19T20:00:00.000Z"
97,24,250000,"2031-04-05T20:00:00.000Z"
28,92,50000,"2031-09-10T20:00:00.000Z"
71,97,20000,"2030-04-05T20:00:00.000Z"
28,35,250000,"2031-01-31T20:00:00.000Z"
61,82,75000,"2030-09-18T20:00:00.000Z"
97,86,75000,"2030-08-12T20:00:00.000Z"
54,18,120000,"2030-05-15T20:00:00.000Z"
1,66,75000,"2030-12-21T20:00:00.000Z"
36,93,75000,"2031-10-15T20:00:00.000Z"
82,88,20000,"2030-06-27T20:00:00.000Z"
3,84,250000,"2031-08-07T20:00:00.000Z"
10,22,250000,"2031-09-05T20:00:00.000Z"
4,92,35000,"2031-11-29T20:00:00.000Z"
67,62,35000,"2031-08-25T20:00:00.000Z"
13,92,120000,"2031-09-24T20:00:00.000Z"
54,99,75000,"2030-10-18T20:00:00.000Z"
33,88,0,"2030-12-07T20:00:00.000Z"
43,7,250000,"2031-02-14T20:00:00.000Z"
32,68,35000,"2031-07-05T20:00:00.000Z"
50,30,120000,"2031-10-07T20:00:00.000Z"
9,72,35000,"2030-04-12T20:00:00.000Z"
41,71,75000,"2031-05-17T20:00:00.000Z"
92,66,35000,"2031-11-14T20:00:00.000Z"
73,97,75000,"2031-07-20T20:00:00.000Z"
66,19,250000,"2030-03-09T20:00:00.000Z"
60,46,50000,"2031-10-18T20:00:00.000Z"
38,84,20000,"2031-03-11T20:00:00.000Z"
78,36,0,"2031-04-15T20:00:00.000Z"
20,97,50000,"2030-10-17T20:00:00.000Z"
97,85,0,"2031-09-18T20:00:00.000Z"
62,63,120000,"2030-03-16T20:00:00.000Z"
41,40,0,"2031-08-18T20:00:00.000Z"
97,72,50000,"2031-04-20T20:00:00.000Z"
85,2,120000,"2031-06-14T20:00:00.000Z"
32,96,250000,"2031-02-25T20:00:00.000Z"
81,70,120000,"2031-11-22T20:00:00.000Z"
65,16,20000,"2031-01-14T20:00:00.000Z"
17,79,35000,"2031-07-05T20:00:00.000Z"
27,34,75000,"2031-03-17T20:00:00.000Z"
0,57,250000,"2031-02-21T20:00:00.000Z"
68,11,35000,"2030-07-22T20:00:00.000Z"
81,75,120000,"2031-09-15T20:00:00.000Z"
63,92,0,"2031-03-18T20:00:00.000Z"
5,13,50000,"2031-03-09T20:00:00.000Z"
54,56,50000,"2030-10-11T20:00:00.000Z"
91,28,35000,"2030-05-08T20:00:00.000Z"
26,56,35000,"2031-01-01T20:00:00.000Z"
48,31,35000,"2031-11-25T20:00:00.000Z"
7,75,75000,"2030-04-01T20:00:00.000Z"
18,65,0,"2031-01-29T20:00:00.000Z"
7,87,120000,"2030-06-30T20:00:00.000Z"
52,97,120000,"2030-05-25T20:00:00.000Z"
80,20,75000,"2031-12-19T20:00:00.000Z"
19,8,50000,"2030-06-30T20:00:00.000Z"
28,31,50000,"2030-10-07T20:00:00.000Z"
43,94,50000,"2031-09-05T20:00:00.000Z"
23,81,250000,"2031-01-11T20:00:00.000Z"
73,76,250000,"2030-10-08T20:00:00.000Z"
76,22,250000,"2031-04-14T20:00:00.000Z"
83,8,120000,"2030-07-20T20:00:00.000Z"
19,88,35000,"2031-01-27T20:00:00.000Z"
7,97,120000,"2031-02-11T20:00:00.000Z"
35,91,20000,"2030-12-30T20:00:00.000Z"
99,32,120000,"2031-11-14T20:00:00.000Z"
9,22,35000,"2031-11-25T20:00:00.000Z"
32,11,0,"2030-10-19T20:00:00.000Z"
14,67,35000,"2031-04-29T20:00:00.000Z"
17,80,20000,"2030-07-16T20:00:00.000Z"
29,17,0,"2030-08-03T20:00:00.000Z"
69,76,20000,"2030-03-18T20:00:00.000Z"
83,91,250000,"2031-06-29T20:00:00.000Z"
90,82,0,"2031-09-29T20:00:00.000Z"
39,68,0,"2030-03-20T20:00:00.000Z"
87,76,75000,"2031-12-11T20:00:00.000Z"
99,16,75000,"2031-07-08T20:00:00.000Z"
30,1,120000,"2030-12-17T20:00:00.000Z"
53,38,20000,"2031-05-13T20:00:00.000Z"
28,26,20000,"2030-05-15T20:00:00.000Z"
42,16,75000,"2031-05-15T20:00:00.000Z"
44,31,20000,"2030-05-11T20:00:00.000Z"
71,64,35000,"2031-04-09T20:00:00.000Z"
41,79,50000,"2031-11-20T20:00:00.000Z"
41,91,120000,"2030-02-23T20:00:00.000Z"
57,9,50000,"2030-04-17T20:00:00.000Z"
13,62,35000,"2030-09-02T20:00:00.000Z"
13,30,250000,"2031-02-01T20:00:00.000Z"
11,74,250000,"2030-12-22T20:00:00.000Z"
50,19,35000,"2030-05-24T20:00:00.000Z"
46,34,35000,"2031-01-14T20:00:00.000Z"
1,28,20000,"2030-12-27T20:00:00.000Z"
81,39,35000,"2030-07-30T20:00:00.000Z"
89,96,50000,"2030-08-20T20:00:00.000Z"
18,74,75000,"2031-10-26T20:00:00.000Z"
62,73,75000,"2030-09-13T20:00:00.000Z"
25,3,75000,"2031-11-15T20:00:00.000Z"
55,37,50000,"2030-06-30T20:00:00.000Z"
88,76,20000,"2031-07-08T20:00:00.000Z"
85,33,20000,"2030-05-07T20:00:00.000Z"
95,36,0,"2031-08-18T20:00:00.000Z"
77,4,50000,"2031-12-15T20:00:00.000Z"
57,37,50000,"2030-09-13T20:00:00.000Z"
21,41,50000,"2030-03-17T20:00:00.000Z"
51,65,20000,"2031-02-12T20:00:00.000Z"
62,29,50000,"2031-01-01T20:00:00.000Z"
2,66,120000,"2031-02-22T20:00:00.000Z"
17,6,20000,"2031-10-25T20:00:00.000Z"
92,82,20000,"2031-06-13T20:00:00.000Z"
28,25,50000,"2030-03-09T20:00:00.000Z"
3,89,20000,"2031-03-01T20:00:00.000Z"
43,21,20000,"2031-05-10T20:00:00.000Z"
89,49,35000,"2030-10-24T20:00:00.000Z"
33,88,250000,"2030-02-20T20:00:00.000Z"
78,57,20000,"2030-07-15T20:00:00.000Z"
29,62,20000,"2030-04-30T20:00:00.000Z"
13,5,120000,"2031-04-27T20:00:00.000Z"
7,5,250000,"2030-08-18T20:00:00.000Z"
12,47,250000,"2031-07-25T20:00:00.000Z"
90,2,50000,"2030-11-19T20:00:00.000Z"
71,72,50000,"2030-06-21T20:00:00.000Z"
86,60,75000,"2031-08-31T20:00:00.000Z"
89,77,50000,"2030-08-01T20:00:00.000Z"
61,14,20000,"2031-02-23T20:00:00.000Z"
31,60,250000,"2031-11-03T20:00:00.000Z"
38,41,50000,"2030-09-18T20:00:00.000Z"
22,3,250000,"2030-07-12T20:00:00.000Z"
29,76,50000,"2030-02-15T20:00:00.000Z"
62,76,0,"2030-10-25T20:00:00.000Z"
0,43,120000,"2031-06-19T20:00:00.000Z"
87,33,35000,"2030-07-11T20:00:00.000Z"
62,80,120000,"2030-09-16T20:00:00.000Z"
54,27,20000,"2031-01-01T20:00:00.000Z"
3,80,35000,"2031-06-27T20:00:00.000Z"
53,26,20000,"2030-10-16T20:00:00.000Z"
39,36,35000,"2031-02-26T20:00:00.000Z"
60,30,75000,"2031-11-23T20:00:00.000Z"
9,86,75000,"2030-12-18T20:00:00.000Z"
12,5,120000,"2031-10-18T20:00:00.000Z"
86,78,35000,"2031-12-09T20:00:00.000Z"
20,14,0,"2031-11-11T20:00:00.000Z"
39,24,0,"2031-11-14T20:00:00.000Z"
11,60,0,"2031-07-08T20:00:00.000Z"
4,74,50000,"2031-01-18T20:00:00.000Z"
97,30,50000,"2031-02-22T20:00:00.000Z"
5,90,120000,"2031-05-18T20:00:00.000Z"
83,53,50000,"2030-05-04T20:00:00.000Z"
98,27,75000,"2030-11-05T20:00:00.000Z"
3,55,250000,"2031-01-10T20:00:00.000Z"
44,22,20000,"2030-08-02T20:00:00.000Z"
81,28,20000,"2030-03-23T20:00:00.000Z"
15,86,35000,"2031-06-17T20:00:00.000Z"
36,99,250000,"2031-01-25T20:00:00.000Z"
41,6,250000,"2031-10-16T20:00:00.000Z"
4,12,20000,"2031-12-15T20:00:00.000Z"
69,49,120000,"2031-11-12T20:00:00.000Z"
7,11,120000,"2030-03-06T20:00:00.000Z"
72,79,35000,"2031-11-18T20:00:00.000Z"
34,28,250000,"2030-06-16T20:00:00.000Z"
75,70,250000,"2030-12-18T20:00:00.000Z"
73,85,35000,"2031-07-21T20:00:00.000Z"
24,38,250000,"2031-01-31T20:00:00.000Z"
61,94,250000,"2031-03-20T20:00:00.000Z"
78,67,75000,"2030-07-31T20:00:00.000Z"
69,68,35000,"2030-04-20T20:00:00.000Z"
35,48,0,"2030-03-22T20:00:00.000Z"
21,35,250000,"2030-04-09T20:00:00.000Z"
89,24,20000,"2030-10-17T20:00:00.000Z"
39,64,120000,"2031-10-21T20:00:00.000Z"
20,42,0,"2031-10-07T20:00:00.000Z"
22,87,250000,"2030-08-18T20:00:00.000Z"
12,4,120000,"2031-01-02T20:00:00.000Z"
62,40,50000,"2031-09-10T20:00:00.000Z"
5,35,250000,"2031-05-11T20:00:00.000Z"
78,1,35000,"2031-10-31T20:00:00.000Z"
76,49,20000,"2031-01-09T20:00:00.000Z"
94,37,120000,"2030-05-05T20:00:00.000Z"
54,25,35000,"2030-05-16T20:00:00.000Z"
40,55,0,"2031-01-19T20:00:00.000Z"
66,88,120000,"2030-03-24T20:00:00.000Z"
89,68,75000,"2030-02-16T20:00:00.000Z"
8,99,250000,"2031-04-01T20:00:00.000Z"
24,54,120000,"2031-10-26T20:00:00.000Z"
57,46,75000,"2030-07-21T20:00:00.000Z"
35,33,0,"2030-09-28T20:00:00.000Z"
7,44,120000,"2030-11-27T20:00:00.000Z"
48,40,250000,"2031-09-12T20:00:00.000Z"
42,46,35000,"2031-10-31T20:00:00.000Z"
85,18,75000,"2030-04-12T20:00:00.000Z"
30,48,35000,"2031-05-25T20:00:00.000Z"
58,99,0,"2031-01-06T20:00:00.000Z"
65,18,250000,"2030-12-12T20:00:00.000Z"
88,7,20000,"2030-02-21T20:00:00.000Z"
20,10,75000,"2031-05-29T20:00:00.000Z"
63,61,120000,"2030-02-16T20:00:00.000Z"
51,6,50000,"2030-07-30T20:00:00.000Z"
21,84,120000,"2030-05-18T20:00:00.000Z"
16,44,35000,"2031-03-03T20:00:00.000Z"
65,16,20000,"2030-06-24T20:00:00.000Z"
38,70,250000,"2030-09-10T20:00:00.000Z"
16,41,120000,"2030-09-28T20:00:00.000Z"
89,85,0,"2031-08-16T20:00:00.000Z"
87,11,50000,"2031-11-07T20:00:00.000Z"
10,99,35000,"2031-07-20T20:00:00.000Z"
97,85,250000,"2031-10-18T20:00:00.000Z"
67,98,50000,"2031-08-27T20:00:00.000Z"
10,64,75000,"2031-07-13T20:00:00.000Z"
25,10,120000,"2030-12-07T20:00:00.000Z"
10,43,0,"2030-03-21T20:00:00.000Z"
70,81,20000,"2031-02-03T20:00:00.000Z"
1,62,20000,"2031-02-18T20:00:00.000Z"
47,58,20000,"2030-12-30T20:00:00.000Z"
50,68,20000,"2031-05-23T20:00:00.000Z"
41,74,50000,"2031-10-19T20:00:00.000Z"
44,77,0,"2031-12-06T20:00:00.000Z"
80,44,75000,"2031-08-26T20:00:00.000Z"
97,48,250000,"2031-04-24T20:00:00.000Z"
76,64,50000,"2031-01-23T20:00:00.000Z"
72,62,35000,"2030-03-07T20:00:00.000Z"
95,17,250000,"2031-09-01T20:00:00.000Z"
46,7,50000,"2031-01-29T20:00:00.000Z"
56,89,50000,"2030-05-08T20:00:00.000Z"
98,66,0,"2031-08-16T20:00:00.000Z"
65,83,120000,"2031-08-28T20:00:00.000Z"
37,16,50000,"2030-04-26T20:00:00.000Z"
78,48,20000,"2030-08-24T20:00:00.000Z"
48,34,35000,"2031-06-22T20:00:00.000Z"
95,10,250000,"2031-04-26T20:00:00.000Z"
86,0,120000,"2030-03-02T20:00:00.000Z"
87,8,20000,"2031-08-05T20:00:00.000Z"
88,18,50000,"2030-10-30T20:00:00.000Z"
52,37,20000,"2030-07-05T20:00:00.000Z"
20,37,20000,"2030-07-08T20:00:00.000Z"
6,3,35000,"2030-09-03T20:00:00.000Z"
60,80,50000,"2030-02-01T20:00:00.000Z"
98,75,50000,"2030-05-08T20:00:00.000Z"
4,74,75000,"2031-02-09T20:00:00.000Z"
66,50,75000,"2031-12-09T20:00:00.000Z"
10,98,50000,"2031-12-11T20:00:00.000Z"
19,19,35000,"2030-06-09T20:00:00.000Z"
73,25,35000,"2030-09-01T20:00:00.000Z"
44,48,75000,"2031-10-05T20:00:00.000Z"
22,76,250000,"2030-12-16T20:00:00.000Z"
59,51,120000,"2031-11-08T20:00:00.000Z"
65,82,20000,"2031-11-02T20:00:00.000Z"
85,86,75000,"2031-05-31T20:00:00.000Z"
46,46,120000,"2031-11-22T20:00:00.000Z"
51,45,50000,"2030-07-31T20:00:00.000Z"
51,20,35000,"2030-09-30T20:00:00.000Z"
39,52,75000,"2030-06-23T20:00:00.000Z"
32,77,250000,"2031-08-14T20:00:00.000Z"
45,76,250000,"2031-12-26T20:00:00.000Z"
68,3,250000,"2031-07-06T20:00:00.000Z"
90,37,50000,"2031-10-04T20:00:00.000Z"
59,80,75000,"2031-09-12T20:00:00.000Z"
44,28,250000,"2030-10-29T20:00:00.000Z"
46,90,0,"2031-12-21T20:00:00.000Z"
91,40,20000,"2030-11-09T20:00:00.000Z"
69,14,75000,"2031-10-15T20:00:00.000Z"
29,94,250000,"2031-06-28T20:00:00.000Z"
45,43,120000,"2030-07-10T20:00:00.000Z"
89,77,120000,"2030-09-02T20:00:00.000Z"
95,93,50000,"2030-09-25T20:00:00.000Z"
98,87,120000,"2031-10-26T20:00:00.000Z"
81,29,0,"2031-01-10T20:00:00.000Z"
62,85,20000,"2030-12-20T20:00:00.000Z"
95,93,0,"2031-06-18T20:00:00.000Z"
90,46,20000,"2031-11-09T20:00:00.000Z"
61,34,0,"2030-06-25T20:00:00.000Z"
45,30,0,"2031-05-21T20:00:00.000Z"
82,55,75000,"2030-07-27T20:00:00.000Z"
23,41,0,"2031-02-07T20:00:00.000Z"
12,59,35000,"2031-08-01T20:00:00.000Z"
68,12,35000,"2030-08-03T20:00:00.000Z"
56,97,35000,"2030-11-25T20:00:00.000Z"
19,79,0,"2031-06-30T20:00:00.000Z"
12,35,120000,"2030-05-27T20:00:00.000Z"
81,72,35000,"2031-03-08T20:00:00.000Z"
34,14,50000,"2031-02-12T20:00:00.000Z"
37,10,50000,"2030-10-28T20:00:00.000Z"
26,26,250000,"2030-11-12T20:00:00.000Z"
86,99,75000,"2031-03-16T20:00:00.000Z"
81,88,75000,"2030-08-18T20:00:00.000Z"
10,37,50000,"2031-06-25T20:00:00.000Z"
30,32,20000,"2030-07-08T20:00:00.000Z"
74,32,50000,"2030-12-16T20:00:00.000Z"
43,93,0,"2030-08-25T20:00:00.000Z"
66,17,20000,"2031-12-12T20:00:00.000Z"
47,3,250000,"2031-03-02T20:00:00.000Z"
50,74,0,"2030-04-03T20:00:00.000Z"
79,1,75000,"2031-06-14T20:00:00.000Z"
68,70,250000,"2031-09-18T20:00:00.000Z"
77,38,250000,"2030-05-20T20:00:00.000Z"
64,90,0,"2031-05-29T20:00:00.000Z"
89,91,120000,"2031-07-13T20:00:00.000Z"
41,84,35000,"2030-06-08T20:00:00.000Z"
28,93,35000,"2030-04-01T20:00:00.000Z"
49,18,20000,"2030-09-21T20:00:00.000Z"
46,51,35000,"2030-08-07T20:00:00.000Z"
5,25,0,"2030-12-06T20:00:00.000Z"
48,90,50000,"2030-10-09T20:00:00.000Z"
45,75,0,"2031-02-03T20:00:00.000Z"
30,86,75000,"2030-08-29T20:00:00.000Z"
5,38,35000,"2030-09-03T20:00:00.000Z"
56,20,250000,"2030-12-12T20:00:00.000Z"
34,63,50000,"2031-07-20T20:00:00.000Z"
57,26,75000,"2031-05-02T20:00:00.000Z"
41,56,120000,"2030-07-15T20:00:00.000Z"
72,53,35000,"2031-10-09T20:00:00.000Z"
70,72,120000,"2030-04-14T20:00:00.000Z"
10,31,120000,"2030-12-10T20:00:00.000Z"
5,5,250000,"2030-02-15T20:00:00.000Z"
51,40,120000,"2031-07-24T20:00:00.000Z"
11,91,250000,"2031-06-17T20:00:00.000Z"
72,94,50000,"2031-06-04T20:00:00.000Z"
4,13,250000,"2030-10-07T20:00:00.000Z"
11,21,75000,"2030-11-13T20:00:00.000Z"
50,13,50000,"2030-12-18T20:00:00.000Z"
56,54,20000,"2031-09-24T20:00:00.000Z"
98,13,0,"2030-11-02T20:00:00.000Z"
67,32,75000,"2031-08-18T20:00:00.000Z"
45,38,20000,"2030-11-22T20:00:00.000Z"
34,97,35000,"2030-10-31T20:00:00.000Z"
28,51,250000,"2030-09-07T20:00:00.000Z"
59,11,250000,"2030-08-08T20:00:00.000Z"
53,85,120000,"2031-01-24T20:00:00.000Z"
74,64,0,"2030-09-19T20:00:00.000Z"
49,92,120000,"2031-10-09T20:00:00.000Z"
88,2,50000,"2031-11-30T20:00:00.000Z"
59,91,250000,"2031-12-29T20:00:00.000Z"
67,55,35000,"2031-09-16T20:00:00.000Z"
58,26,250000,"2030-02-07T20:00:00.000Z"
43,67,35000,"2030-11-29T20:00:00.000Z"
6,25,50000,"2030-03-25T20:00:00.000Z"
58,41,0,"2031-08-18T20:00:00.000Z"
29,74,20000,"2030-09-20T20:00:00.000Z"
34,85,250000,"2030-07-27T20:00:00.000Z"
32,88,250000,"2030-12-10T20:00:00.000Z"
79,64,250000,"2030-09-18T20:00:00.000Z"
44,95,120000,"2031-07-05T20:00:00.000Z"
22,62,20000,"2031-01-19T20:00:00.000Z"
94,22,75000,"2031-09-23T20:00:00.000Z"
80,47,35000,"2030-10-13T20:00:00.000Z"
19,91,250000,"2031-12-22T20:00:00.000Z"
55,39,120000,"2030-10-24T20:00:00.000Z"
3,18,20000,"2031-05-19T20:00:00.000Z"
61,97,75000,"2030-07-17T20:00:00.000Z"
44,16,20000,"2030-06-17T20:00:00.000Z"
90,94,75000,"2031-06-30T20:00:00.000Z"
57,17,35000,"2030-12-12T20:00:00.000Z"
0,16,75000,"2030-07-10T20:00:00.000Z"
7,79,120000,"2030-12-28T20:00:00.000Z"
35,52,35000,"2031-05-05T20:00:00.000Z"
69,22,35000,"2030-12-28T20:00:00.000Z"
87,2,20000,"2030-04-23T20:00:00.000Z"
27,51,35000,"2030-12-07T20:00:00.000Z"
72,87,250000,"2030-02-11T20:00:00.000Z"
97,1,0,"2030-09-26T20:00:00.000Z"
55,61,120000,"2031-07-18T20:00:00.000Z"
87,73,35000,"2031-08-25T20:00:00.000Z"
92,35,120000,"2030-03-01T20:00:00.000Z"
82,93,50000,"2031-01-28T20:00:00.000Z"
12,7,20000,"2031-04-30T20:00:00.000Z"
65,61,35000,"2031-11-28T20:00:00.000Z"
26,93,120000,"2031-10-05T20:00:00.000Z"
71,17,50000,"2031-10-24T20:00:00.000Z"
69,72,50000,"2030-12-22T20:00:00.000Z"
64,11,250000,"2030-11-23T20:00:00.000Z"
75,29,20000,"2030-05-06T20:00:00.000Z"
54,76,120000,"2030-10-26T20:00:00.000Z"
76,12,0,"2031-05-04T20:00:00.000Z"
42,9,120000,"2031-03-11T20:00:00.000Z"
42,88,120000,"2031-01-04T20:00:00.000Z"
94,62,0,"2030-11-09T20:00:00.000Z"
48,13,75000,"2031-12-20T20:00:00.000Z"
48,33,120000,"2030-04-09T20:00:00.000Z"
66,99,50000,"2030-06-06T20:00:00.000Z"
55,66,120000,"2031-02-05T20:00:00.000Z"
1,97,20000,"2030-04-11T20:00:00.000Z"
48,61,0,"2031-03-04T20:00:00.000Z"
46,78,50000,"2031-05-04T20:00:00.000Z"
39,82,20000,"2030-02-01T20:00:00.000Z"
79,28,120000,"2030-04-11T20:00:00.000Z"
59,79,50000,"2030-02-22T20:00:00.000Z"
81,38,120000,"2030-03-13T20:00:00.000Z"
12,12,120000,"2030-09-05T20:00:00.000Z"
91,18,0,"2030-04-03T20:00:00.000Z"
80,83,20000,"2031-02-27T20:00:00.000Z"
94,94,20000,"2031-09-10T20:00:00.000Z"
39,75,250000,"2031-07-07T20:00:00.000Z"
35,34,75000,"2031-07-04T20:00:00.000Z"
23,91,50000,"2031-08-20T20:00:00.000Z"
68,66,250000,"2030-08-23T20:00:00.000Z"
10,11,120000,"2031-12-10T20:00:00.000Z"
34,6,0,"2031-10-01T20:00:00.000Z"
44,44,20000,"2031-03-16T20:00:00.000Z"
75,92,50000,"2030-05-02T20:00:00.000Z"
80,90,75000,"2031-03-08T20:00:00.000Z"
68,28,75000,"2031-12-13T20:00:00.000Z"
75,14,250000,"2030-11-09T20:00:00.000Z"
7,28,120000,"2030-03-03T20:00:00.000Z"
92,15,120000,"2031-04-24T20:00:00.000Z"
1,70,35000,"2031-08-29T20:00:00.000Z"
54,13,35000,"2030-03-12T20:00:00.000Z"
11,57,50000,"2030-08-02T20:00:00.000Z"
12,30,0,"2030-09-07T20:00:00.000Z"
16,80,35000,"2030-01-31T20:00:00.000Z"
57,93,120000,"2030-06-04T20:00:00.000Z"
14,95,0,"2030-04-24T20:00:00.000Z"
58,26,0,"2030-10-01T20:00:00.000Z"
45,95,35000,"2030-12-31T20:00:00.000Z"
31,61,0,"2031-08-08T20:00:00.000Z"
58,99,75000,"2031-04-02T20:00:00.000Z"
37,47,250000,"2031-05-25T20:00:00.000Z"
99,41,50000,"2030-05-29T20:00:00.000Z"
20,75,35000,"2031-10-15T20:00:00.000Z"
33,68,120000,"2031-12-03T20:00:00.000Z"
67,97,250000,"2030-02-04T20:00:00.000Z"
1,43,20000,"2031-01-17T20:00:00.000Z"
4,61,0,"2031-12-21T20:00:00.000Z"
4,55,20000,"2030-06-09T20:00:00.000Z"
18,46,20000,"2030-08-29T20:00:00.000Z"
18,34,20000,"2031-12-10T20:00:00.000Z"
22,9,20000,"2031-05-23T20:00:00.000Z"
44,71,75000,"2031-05-03T20:00:00.000Z"
36,34,0,"2030-11-22T20:00:00.000Z"
89,53,0,"2031-06-06T20:00:00.000Z"
10,88,20000,"2030-07-11T20:00:00.000Z"
69,90,50000,"2031-04-27T20:00:00.000Z"
76,82,35000,"2031-05-07T20:00:00.000Z"
59,61,250000,"2030-02-18T20:00:00.000Z"
28,45,0,"2030-04-05T20:00:00.000Z"
61,57,20000,"2031-11-08T20:00:00.000Z"
37,94,20000,"2030-08-23T20:00:00.000Z"
9,39,250000,"2030-02-19T20:00:00.000Z"
94,18,35000,"2031-01-21T20:00:00.000Z"
7,93,50000,"2030-08-19T20:00:00.000Z"
88,64,50000,"2030-05-19T20:00:00.000Z"
90,0,20000,"2030-04-18T20:00:00.000Z"
13,35,250000,"2030-03-05T20:00:00.000Z"
27,3,20000,"2030-05-07T20:00:00.000Z"
3,85,75000,"2030-06-21T20:00:00.000Z"
48,92,0,"2031-03-03T20:00:00.000Z"
9,28,0,"2030-06-12T20:00:00.000Z"
4,81,50000,"2030-03-03T20:00:00.000Z"
91,51,50000,"2030-03-19T20:00:00.000Z"
61,6,20000,"2030-05-02T20:00:00.000Z"
57,32,120000,"2031-09-29T20:00:00.000Z"
20,16,35000,"2030-08-31T20:00:00.000Z"
25,67,35000,"2031-04-17T20:00:00.000Z"
71,81,50000,"2031-02-19T20:00:00.000Z"
15,97,120000,"2030-02-26T20:00:00.000Z"
80,98,35000,"2031-01-15T20:00:00.000Z"
77,52,0,"2031-03-07T20:00:00.000Z"
8,10,0,"2030-05-07T20:00:00.000Z"
51,91,250000,"2030-07-27T20:00:00.000Z"
51,26,120000,"2030-03-19T20:00:00.000Z"
49,51,250000,"2031-11-23T20:00:00.000Z"
28,50,0,"2030-09-29T20:00:00.000Z"
80,7,250000,"2030-06-26T20:00:00.000Z"
87,13,35000,"2031-09-28T20:00:00.000Z"
99,32,35000,"2031-06-26T20:00:00.000Z"
45,21,20000,"2030-09-11T20:00:00.000Z"
91,68,250000,"2030-09-05T20:00:00.000Z"
64,93,75000,"2031-06-18T20:00:00.000Z"
80,1,120000,"2030-11-11T20:00:00.000Z"
54,20,250000,"2030-12-23T20:00:00.000Z"
80,38,75000,"2030-07-20T20:00:00.000Z"
9,24,20000,"2030-02-01T20:00:00.000Z"
65,3,35000,"2031-01-15T20:00:00.000Z"
72,22,75000,"2030-02-07T20:00:00.000Z"
82,22,75000,"2031-02-03T20:00:00.000Z"
34,99,120000,"2030-06-09T20:00:00.000Z"
82,31,0,"2030-05-23T20:00:00.000Z"
63,89,75000,"2031-02-28T20:00:00.000Z"
99,76,120000,"2030-03-27T20:00:00.000Z"
64,52,20000,"2030-11-13T20:00:00.000Z"
43,31,250000,"2031-06-19T20:00:00.000Z"
72,74,50000,"2031-05-21T20:00:00.000Z"
37,12,120000,"2031-07-31T20:00:00.000Z"
71,58,0,"2030-02-25T20:00:00.000Z"
76,8,50000,"2030-07-26T20:00:00.000Z"
54,31,20000,"2030-11-26T20:00:00.000Z"
29,5,250000,"2030-02-27T20:00:00.000Z"
3,48,250000,"2030-07-08T20:00:00.000Z"
58,33,35000,"2030-05-03T20:00:00.000Z"
8,15,250000,"2031-11-20T20:00:00.000Z"
76,99,75000,"2030-09-29T20:00:00.000Z"
16,7,50000,"2031-01-04T20:00:00.000Z"
41,49,75000,"2031-04-02T20:00:00.000Z"
8,96,50000,"2031-12-26T20:00:00.000Z"
70,13,20000,"2031-09-11T20:00:00.000Z"
8,88,35000,"2030-07-13T20:00:00.000Z"
91,77,75000,"2030-10-09T20:00:00.000Z"
30,59,120000,"2031-02-18T20:00:00.000Z"
29,46,75000,"2031-10-08T20:00:00.000Z"
45,10,75000,"2030-10-21T20:00:00.000Z"
13,23,120000,"2030-03-09T20:00:00.000Z"
89,13,20000,"2030-09-20T20:00:00.000Z"
28,87,75000,"2031-03-19T20:00:00.000Z"
96,74,0,"2031-09-19T20:00:00.000Z"
84,84,120000,"2031-11-04T20:00:00.000Z"
67,97,20000,"2030-11-02T20:00:00.000Z"
30,18,0,"2030-12-01T20:00:00.000Z"
65,59,75000,"2030-06-23T20:00:00.000Z"
86,52,75000,"2030-08-27T20:00:00.000Z"
45,86,250000,"2031-05-08T20:00:00.000Z"
18,19,250000,"2031-08-01T20:00:00.000Z"
17,36,20000,"2030-05-11T20:00:00.000Z"
35,25,20000,"2030-07-01T20:00:00.000Z"
33,96,0,"2031-01-23T20:00:00.000Z"
25,79,120000,"2030-12-16T20:00:00.000Z"
15,71,250000,"2030-04-13T20:00:00.000Z"
14,9,250000,"2031-11-22T20:00:00.000Z"
4,93,35000,"2030-09-19T20:00:00.000Z"
64,99,20000,"2030-09-03T20:00:00.000Z"
50,30,20000,"2031-08-21T20:00:00.000Z"
1,24,0,"2031-02-21T20:00:00.000Z"
24,99,20000,"2030-03-26T20:00:00.000Z"
64,98,120000,"2031-07-28T20:00:00.000Z"
70,90,35000,"2031-09-14T20:00:00.000Z"
4,16,250000,"2031-01-05T20:00:00.000Z"
81,94,20000,"2031-09-11T20:00:00.000Z"
97,20,120000,"2030-12-08T20:00:00.000Z"
11,38,120000,"2030-06-17T20:00:00.000Z"
94,56,35000,"2030-04-20T20:00:00.000Z"
19,27,50000,"2030-11-11T20:00:00.000Z"
8,43,20000,"2031-04-07T20:00:00.000Z"
34,86,20000,"2031-09-10T20:00:00.000Z"
27,50,75000,"2030-09-01T20:00:00.000Z"
69,21,0,"2031-08-29T20:00:00.000Z"
54,78,20000,"2031-09-26T20:00:00.000Z"
48,70,50000,"2030-08-17T20:00:00.000Z"
86,46,75000,"2031-12-18T20:00:00.000Z"
79,77,75000,"2031-11-30T20:00:00.000Z"
25,85,50000,"2031-03-22T20:00:00.000Z"
47,58,75000,"2030-05-11T20:00:00.000Z"
7,38,250000,"2031-05-21T20:00:00.000Z"
47,84,20000,"2030-03-11T20:00:00.000Z"
82,69,20000,"2031-04-09T20:00:00.000Z"
40,60,250000,"2031-06-02T20:00:00.000Z"
9,73,20000,"2030-04-26T20:00:00.000Z"
50,22,50000,"2030-09-12T20:00:00.000Z"
88,96,250000,"2031-06-13T20:00:00.000Z"
81,29,120000,"2030-12-12T20:00:00.000Z"
27,58,0,"2031-07-26T20:00:00.000Z"
76,70,20000,"2030-12-16T20:00:00.000Z"
36,90,50000,"2030-05-27T20:00:00.000Z"
1,71,75000,"2031-06-05T20:00:00.000Z"
47,66,20000,"2030-11-07T20:00:00.000Z"
58,12,75000,"2030-07-18T20:00:00.000Z"
82,49,50000,"2030-10-14T20:00:00.000Z"
39,49,20000,"2030-04-08T20:00:00.000Z"
30,42,0,"2031-04-24T20:00:00.000Z"
1,43,50000,"2030-03-29T20:00:00.000Z"
76,42,50000,"2030-09-29T20:00:00.000Z"
75,92,0,"2030-06-20T20:00:00.000Z"
48,7,20000,"2031-03-02T20:00:00.000Z"
14,74,120000,"2031-03-20T20:00:00.000Z"
96,21,20000,"2030-09-29T20:00:00.000Z"
59,96,35000,"2030-03-10T20:00:00.000Z"
14,70,0,"2030-07-11T20:00:00.000Z"
46,42,50000,"2030-05-03T20:00:00.000Z"
74,24,20000,"2030-10-27T20:00:00.000Z"
43,37,50000,"2031-07-04T20:00:00.000Z"
13,27,120000,"2030-07-30T20:00:00.000Z"
12,12,75000,"2030-11-01T20:00:00.000Z"
31,87,0,"2031-08-29T20:00:00.000Z"
11,73,75000,"2031-11-23T20:00:00.000Z"
35,76,35000,"2030-10-23T20:00:00.000Z"
23,84,50000,"2031-11-22T20:00:00.000Z"
7,40,35000,"2031-10-30T20:00:00.000Z"
14,49,75000,"2031-01-24T20:00:00.000Z"
4,12,250000,"2030-02-07T20:00:00.000Z"
26,3,35000,"2031-08-16T20:00:00.000Z"
92,25,50000,"2030-10-15T20:00:00.000Z"
98,9,35000,"2030-02-15T20:00:00.000Z"
10,45,35000,"2031-08-22T20:00:00.000Z"
23,62,75000,"2031-12-31T20:00:00.000Z"
60,94,50000,"2031-11-15T20:00:00.000Z"
34,96,50000,"2030-09-25T20:00:00.000Z"
39,97,75000,"2030-07-23T20:00:00.000Z"
15,6,250000,"2030-04-28T20:00:00.000Z"
94,17,0,"2031-11-18T20:00:00.000Z"
54,62,0,"2030-06-08T20:00:00.000Z"
9,13,120000,"2030-05-16T20:00:00.000Z"
22,44,35000,"2031-11-02T20:00:00.000Z"
26,91,120000,"2031-09-23T20:00:00.000Z"
79,73,50000,"2031-05-28T20:00:00.000Z"
95,68,35000,"2030-08-16T20:00:00.000Z"
21,52,50000,"2031-08-11T20:00:00.000Z"
59,43,50000,"2031-10-10T20:00:00.000Z"
50,15,75000,"2031-12-09T20:00:00.000Z"
64,70,35000,"2031-10-23T20:00:00.000Z"
76,79,75000,"2030-12-15T20:00:00.000Z"
6,39,20000,"2030-12-30T20:00:00.000Z"
59,2,120000,"2031-05-16T20:00:00.000Z"
6,66,35000,"2030-09-11T20:00:00.000Z"
69,52,50000,"2030-11-06T20:00:00.000Z"
17,87,250000,"2031-11-20T20:00:00.000Z"
85,78,50000,"2031-02-23T20:00:00.000Z"
63,54,50000,"2030-12-22T20:00:00.000Z"
28,87,120000,"2031-01-30T20:00:00.000Z"
10,46,0,"2031-12-15T20:00:00.000Z"
17,29,120000,"2030-02-25T20:00:00.000Z"
64,81,50000,"2030-12-12T20:00:00.000Z"
64,91,35000,"2031-05-05T20:00:00.000Z"
5,32,50000,"2030-07-20T20:00:00.000Z"
94,87,120000,"2031-07-19T20:00:00.000Z"
52,56,20000,"2030-05-02T20:00:00.000Z"
0,68,250000,"2030-05-17T20:00:00.000Z"
53,23,250000,"2031-11-13T20:00:00.000Z"
29,31,20000,"2030-05-31T20:00:00.000Z"
18,54,50000,"2031-05-11T20:00:00.000Z"
98,31,35000,"2030-11-26T20:00:00.000Z"
69,65,50000,"2030-09-04T20:00:00.000Z"
44,4,75000,"2030-03-08T20:00:00.000Z"
33,20,20000,"2030-03-28T20:00:00.000Z"
98,99,120000,"2031-02-08T20:00:00.000Z"
61,81,75000,"2030-09-01T20:00:00.000Z"
1,9,75000,"2030-04-17T20:00:00.000Z"
77,79,120000,"2031-09-09T20:00:00.000Z"
43,12,250000,"2031-06-18T20:00:00.000Z"
63,74,75000,"2030-03-08T20:00:00.000Z"
34,20,0,"2031-02-02T20:00:00.000Z"
70,39,0,"2030-10-28T20:00:00.000Z"
13,31,120000,"2031-12-24T20:00:00.000Z"
66,35,250000,"2030-12-17T20:00:00.000Z"
77,89,75000,"2031-01-29T20:00:00.000Z"
6,1,20000,"2031-06-29T20:00:00.000Z"
54,49,250000,"2031-05-16T20:00:00.000Z"
47,48,75000,"2031-07-24T20:00:00.000Z"
97,50,20000,"2031-11-05T20:00:00.000Z"
82,60,120000,"2030-02-05T20:00:00.000Z"
15,93,50000,"2031-12-18T20:00:00.000Z"
7,99,20000,"2030-05-06T20:00:00.000Z"
29,27,50000,"2031-06-14T20:00:00.000Z"
28,17,120000,"2030-02-09T20:00:00.000Z"
70,35,250000,"2031-03-07T20:00:00.000Z"
92,78,50000,"2030-05-23T20:00:00.000Z"
99,37,120000,"2031-04-09T20:00:00.000Z"
44,81,20000,"2031-08-14T20:00:00.000Z"
59,92,250000,"2030-04-20T20:00:00.000Z"
33,90,50000,"2030-12-30T20:00:00.000Z"
64,2,20000,"2031-04-27T20:00:00.000Z"
25,76,120000,"2030-07-06T20:00:00.000Z"
12,38,120000,"2031-09-13T20:00:00.000Z"
72,56,35000,"2030-08-30T20:00:00.000Z"
37,50,250000,"2031-04-29T20:00:00.000Z"
94,49,0,"2031-01-19T20:00:00.000Z"
84,8,0,"2030-05-04T20:00:00.000Z"
99,26,75000,"2030-02-05T20:00:00.000Z"
21,24,50000,"2031-10-26T20:00:00.000Z"
35,76,35000,"2031-08-14T20:00:00.000Z"
84,3,120000,"2030-03-08T20:00:00.000Z"
74,77,75000,"2031-05-16T20:00:00.000Z"
42,86,50000,"2031-05-13T20:00:00.000Z"
23,66,50000,"2031-07-14T20:00:00.000Z"
9,0,75000,"2031-11-10T20:00:00.000Z"
69,26,20000,"2031-04-30T20:00:00.000Z"
74,25,20000,"2031-06-25T20:00:00.000Z"
55,70,50000,"2030-03-25T20:00:00.000Z"
72,53,120000,"2031-10-26T20:00:00.000Z"
90,35,0,"2030-05-03T20:00:00.000Z"
78,65,20000,"2031-12-20T20:00:00.000Z"
82,84,75000,"2030-03-27T20:00:00.000Z"
37,4,50000,"2031-01-29T20:00:00.000Z"
14,13,20000,"2031-06-12T20:00:00.000Z"
27,66,50000,"2031-12-24T20:00:00.000Z"
40,60,75000,"2030-08-07T20:00:00.000Z"
47,86,120000,"2030-07-23T20:00:00.000Z"
19,28,35000,"2031-11-18T20:00:00.000Z"
41,37,0,"2031-02-11T20:00:00.000Z"
80,7,250000,"2031-10-15T20:00:00.000Z"
55,32,0,"2030-03-26T20:00:00.000Z"
14,8,250000,"2031-10-17T20:00:00.000Z"
18,35,75000,"2030-06-21T20:00:00.000Z"
2,1,20000,"2031-01-09T20:00:00.000Z"
60,77,120000,"2030-03-19T20:00:00.000Z"
70,54,75000,"2031-06-30T20:00:00.000Z"
62,77,75000,"2031-11-03T20:00:00.000Z"
82,89,120000,"2031-01-10T20:00:00.000Z"
32,71,35000,"2031-10-30T20:00:00.000Z"
55,37,50000,"2030-08-18T20:00:00.000Z"
18,45,75000,"2031-02-01T20:00:00.000Z"
10,99,20000,"2031-07-03T20:00:00.000Z"
47,78,120000,"2031-01-11T20:00:00.000Z"
59,14,250000,"2031-03-01T20:00:00.000Z"
1,88,75000,"2030-09-29T20:00:00.000Z"
14,39,50000,"2030-03-29T20:00:00.000Z"
19,87,75000,"2030-12-22T20:00:00.000Z"
32,26,75000,"2030-10-17T20:00:00.000Z"
30,36,0,"2031-07-07T20:00:00.000Z"
94,11,0,"2031-11-01T20:00:00.000Z"
26,16,35000,"2031-08-09T20:00:00.000Z"
10,9,75000,"2031-09-14T20:00:00.000Z"
55,98,120000,"2031-05-29T20:00:00.000Z"
56,13,50000,"2031-07-09T20:00:00.000Z"
50,20,250000,"2030-09-20T20:00:00.000Z"
48,1,20000,"2030-02-14T20:00:00.000Z"
91,75,120000,"2030-09-05T20:00:00.000Z"
39,47,35000,"2031-08-05T20:00:00.000Z"
98,96,50000,"2030-10-22T20:00:00.000Z"
54,43,75000,"2030-11-05T20:00:00.000Z"
50,61,75000,"2030-12-19T20:00:00.000Z"
49,23,75000,"2030-12-25T20:00:00.000Z"
42,90,35000,"2030-07-17T20:00:00.000Z"
14,92,250000,"2031-01-15T20:00:00.000Z"
70,55,250000,"2030-08-22T20:00:00.000Z"
89,67,0,"2030-02-27T20:00:00.000Z"
46,0,250000,"2031-08-10T20:00:00.000Z"
29,21,50000,"2030-11-29T20:00:00.000Z"
48,60,120000,"2031-08-14T20:00:00.000Z"
90,29,120000,"2030-04-18T20:00:00.000Z"
97,90,50000,"2030-03-12T20:00:00.000Z"
46,30,0,"2030-12-17T20:00:00.000Z"
69,97,35000,"2030-11-12T20:00:00.000Z"
45,85,0,"2030-07-11T20:00:00.000Z"
37,86,35000,"2031-06-30T20:00:00.000Z"
85,49,50000,"2031-02-17T20:00:00.000Z"
42,3,50000,"2031-01-16T20:00:00.000Z"
35,45,0,"2030-11-30T20:00:00.000Z"
96,91,120000,"2031-08-13T20:00:00.000Z"
72,46,0,"2031-11-21T20:00:00.000Z"
24,46,50000,"2030-02-11T20:00:00.000Z"
65,63,250000,"2031-08-24T20:00:00.000Z"
21,87,35000,"2030-02-23T20:00:00.000Z"
75,35,75000,"2031-06-25T20:00:00.000Z"
57,25,75000,"2031-12-24T20:00:00.000Z"
95,36,0,"2030-04-01T20:00:00.000Z"
6,42,120000,"2031-04-05T20:00:00.000Z"
26,76,50000,"2030-10-28T20:00:00.000Z"
0,77,120000,"2030-04-24T20:00:00.000Z"
68,17,75000,"2030-05-08T20:00:00.000Z"
28,15,75000,"2031-05-06T20:00:00.000Z"
62,89,35000,"2030-10-09T20:00:00.000Z"
54,86,20000,"2030-09-22T20:00:00.000Z"
44,17,250000,"2031-04-03T20:00:00.000Z"
74,66,75000,"2031-08-10T20:00:00.000Z"
48,54,20000,"2031-04-07T20:00:00.000Z"
0,88,50000,"2030-10-06T20:00:00.000Z"
29,14,20000,"2030-12-04T20:00:00.000Z"
75,58,120000,"2031-06-20T20:00:00.000Z"
16,21,50000,"2030-06-27T20:00:00.000Z"
24,76,250000,"2030-07-24T20:00:00.000Z"
9,57,75000,"2030-12-01T20:00:00.000Z"
33,65,120000,"2031-07-26T20:00:00.000Z"
89,16,0,"2031-09-15T20:00:00.000Z"
55,6,0,"2030-02-02T20:00:00.000Z"
79,73,20000,"2031-09-09T20:00:00.000Z"
58,79,20000,"2030-12-31T20:00:00.000Z"
17,45,75000,"2030-12-06T20:00:00.000Z"
92,7,250000,"2030-03-28T20:00:00.000Z"
76,74,0,"2031-10-10T20:00:00.000Z"
96,15,20000,"2030-04-27T20:00:00.000Z"
6,2,20000,"2031-05-25T20:00:00.000Z"
34,83,120000,"2031-12-22T20:00:00.000Z"
9,63,250000,"2030-10-06T20:00:00.000Z"
59,18,35000,"2030-09-12T20:00:00.000Z"
50,75,0,"2031-03-30T20:00:00.000Z"
14,22,50000,"2031-08-30T20:00:00.000Z"
91,40,75000,"2030-05-25T20:00:00.000Z"
60,70,35000,"2031-02-27T20:00:00.000Z"
63,52,20000,"2030-04-30T20:00:00.000Z"
33,99,250000,"2031-09-27T20:00:00.000Z"
68,7,50000,"2031-10-19T20:00:00.000Z"
41,94,250000,"2031-08-02T20:00:00.000Z"
9,27,120000,"2031-04-26T20:00:00.000Z"
83,88,120000,"2030-04-15T20:00:00.000Z"
55,77,20000,"2030-10-25T20:00:00.000Z"
5,62,35000,"2031-11-18T20:00:00.000Z"
34,7,50000,"2031-03-01T20:00:00.000Z"
85,60,75000,"2031-09-11T20:00:00.000Z"
62,78,50000,"2030-07-31T20:00:00.000Z"
49,0,250000,"2031-02-14T20:00:00.000Z"
97,17,50000,"2031-10-16T20:00:00.000Z"
19,98,20000,"2030-06-23T20:00:00.000Z"
29,60,120000,"2031-02-07T20:00:00.000Z"
93,97,20000,"2030-07-25T20:00:00.000Z"
0,10,0,"2031-07-24T20:00:00.000Z"
55,98,0,"2031-07-14T20:00:00.000Z"
55,1,50000,"2030-05-05T20:00:00.000Z"
13,7,250000,"2030-11-15T20:00:00.000Z"
22,66,120000,"2030-03-20T20:00:00.000Z"
80,75,75000,"2030-02-21T20:00:00.000Z"
30,13,250000,"2031-01-12T20:00:00.000Z"
71,58,250000,"2031-04-20T20:00:00.000Z"
49,6,75000,"2031-11-05T20:00:00.000Z"
39,72,35000,"2030-04-09T20:00:00.000Z"
68,51,35000,"2030-04-10T20:00:00.000Z"
45,60,0,"2030-10-02T20:00:00.000Z"
3,93,20000,"2030-08-24T20:00:00.000Z"
55,65,35000,"2030-05-07T20:00:00.000Z"
34,15,75000,"2030-03-06T20:00:00.000Z"
65,6,120000,"2030-10-15T20:00:00.000Z"
77,42,120000,"2031-03-03T20:00:00.000Z"
68,68,75000,"2031-12-23T20:00:00.000Z"
81,58,0,"2031-04-13T20:00:00.000Z"
40,84,120000,"2030-12-11T20:00:00.000Z"
64,21,20000,"2030-03-20T20:00:00.000Z"
64,41,20000,"2031-06-19T20:00:00.000Z"
75,93,0,"2031-09-22T20:00:00.000Z"
88,78,35000,"2031-09-28T20:00:00.000Z"
88,65,75000,"2031-05-10T20:00:00.000Z"
5,97,75000,"2030-06-14T20:00:00.000Z"
31,99,0,"2030-03-22T20:00:00.000Z"
73,79,0,"2031-11-28T20:00:00.000Z"
38,73,250000,"2030-08-24T20:00:00.000Z"
62,5,50000,"2031-04-05T20:00:00.000Z"
43,28,75000,"2030-12-28T20:00:00.000Z"
32,87,250000,"2031-05-25T20:00:00.000Z"
95,24,250000,"2031-02-21T20:00:00.000Z"
46,99,120000,"2030-04-20T20:00:00.000Z"
14,7,120000,"2031-05-28T20:00:00.000Z"
7,21,0,"2030-07-14T20:00:00.000Z"
67,75,120000,"2030-07-24T20:00:00.000Z"
37,83,75000,"2030-08-24T20:00:00.000Z"
88,52,250000,"2030-09-30T20:00:00.000Z"
75,22,0,"2031-02-04T20:00:00.000Z"
18,71,35000,"2031-12-06T20:00:00.000Z"
19,38,50000,"2031-08-13T20:00:00.000Z"
82,65,250000,"2031-04-11T20:00:00.000Z"
84,63,0,"2031-08-24T20:00:00.000Z"
99,53,50000,"2031-04-06T20:00:00.000Z"
8,29,0,"2031-10-07T20:00:00.000Z"
17,48,75000,"2031-08-23T20:00:00.000Z"
76,50,250000,"2030-07-10T20:00:00.000Z"
83,59,0,"2030-02-14T20:00:00.000Z"
85,7,0,"2031-11-18T20:00:00.000Z"
47,5,0,"2031-10-22T20:00:00.000Z"
29,35,250000,"2030-10-04T20:00:00.000Z"
91,35,250000,"2030-12-18T20:00:00.000Z"
27,22,35000,"2030-04-25T20:00:00.000Z"
94,51,120000,"2030-04-11T20:00:00.000Z"
78,15,250000,"2031-07-24T20:00:00.000Z"
26,40,20000,"2030-07-14T20:00:00.000Z"
39,24,0,"2031-09-21T20:00:00.000Z"
76,15,250000,"2030-12-09T20:00:00.000Z"
52,44,75000,"2031-04-29T20:00:00.000Z"
6,52,0,"2030-07-16T20:00:00.000Z"
82,71,35000,"2030-11-21T20:00:00.000Z"
42,48,120000,"2030-09-18T20:00:00.000Z"
4,35,0,"2030-08-10T20:00:00.000Z"
91,72,20000,"2031-01-23T20:00:00.000Z"
8,34,50000,"2031-01-28T20:00:00.000Z"
97,31,0,"2030-03-24T20:00:00.000Z"
43,71,35000,"2031-04-24T20:00:00.000Z"
18,35,20000,"2031-08-15T20:00:00.000Z"
90,7,120000,"2031-08-26T20:00:00.000Z"
41,77,75000,"2031-01-18T20:00:00.000Z"
63,7,250000,"2031-12-29T20:00:00.000Z"
29,11,120000,"2030-05-09T20:00:00.000Z"
51,8,75000,"2031-02-10T20:00:00.000Z"
94,42,75000,"2031-01-09T20:00:00.000Z"
78,78,120000,"2030-11-15T20:00:00.000Z"
5,17,250000,"2030-10-30T20:00:00.000Z"
2,90,50000,"2031-12-24T20:00:00.000Z"
30,27,20000,"2031-02-04T20:00:00.000Z"
47,4,0,"2030-09-27T20:00:00.000Z"
98,16,75000,"2031-08-22T20:00:00.000Z"
62,44,120000,"2030-05-21T20:00:00.000Z"
8,89,120000,"2030-08-20T20:00:00.000Z"
12,98,250000,"2030-06-09T20:00:00.000Z"
57,32,250000,"2031-04-17T20:00:00.000Z"
2,8,250000,"2030-07-27T20:00:00.000Z"
4,40,0,"2030-06-12T20:00:00.000Z"
28,74,0,"2031-09-19T20:00:00.000Z"
65,48,250000,"2031-03-25T20:00:00.000Z"
66,68,0,"2030-08-11T20:00:00.000Z"
39,63,120000,"2031-11-28T20:00:00.000Z"
87,46,50000,"2030-09-13T20:00:00.000Z"
67,17,250000,"2031-02-17T20:00:00.000Z"
7,72,250000,"2031-03-07T20:00:00.000Z"
17,9,50000,"2030-05-29T20:00:00.000Z"
62,43,75000,"2030-06-26T20:00:00.000Z"
4,67,250000,"2031-12-07T20:00:00.000Z"
20,29,50000,"2030-11-17T20:00:00.000Z"
46,9,50000,"2031-09-24T20:00:00.000Z"
25,10,20000,"2030-09-15T20:00:00.000Z"
41,9,20000,"2031-02-18T20:00:00.000Z"
68,22,120000,"2031-02-17T20:00:00.000Z"
81,78,50000,"2030-02-27T20:00:00.000Z"
89,15,20000,"2030-07-16T20:00:00.000Z"
99,39,250000,"2031-07-23T20:00:00.000Z"
16,7,20000,"2031-07-10T20:00:00.000Z"
44,21,50000,"2030-08-13T20:00:00.000Z"
31,55,250000,"2031-09-09T20:00:00.000Z"
88,48,250000,"2030-12-03T20:00:00.000Z"
66,25,35000,"2030-11-18T20:00:00.000Z"
64,42,75000,"2030-08-02T20:00:00.000Z"
31,67,20000,"2031-10-23T20:00:00.000Z"
38,27,50000,"2030-07-31T20:00:00.000Z"
79,5,250000,"2030-04-07T20:00:00.000Z"
5,46,250000,"2030-10-11T20:00:00.000Z"
94,25,35000,"2031-04-28T20:00:00.000Z"
28,75,50000,"2030-11-11T20:00:00.000Z"
16,72,120000,"2030-03-17T20:00:00.000Z"
96,49,35000,"2030-06-12T20:00:00.000Z"
92,55,250000,"2030-08-30T20:00:00.000Z"
20,99,120000,"2030-03-22T20:00:00.000Z"
64,53,0,"2031-10-20T20:00:00.000Z"
62,83,250000,"2030-05-23T20:00:00.000Z"
85,37,250000,"2031-05-16T20:00:00.000Z"
88,31,250000,"2030-02-27T20:00:00.000Z"
67,84,120000,"2030-02-09T20:00:00.000Z"
59,99,50000,"2030-03-17T20:00:00.000Z"
60,11,250000,"2031-05-28T20:00:00.000Z"
51,23,50000,"2030-07-15T20:00:00.000Z"
61,11,20000,"2030-07-26T20:00:00.000Z"
3,80,250000,"2031-04-06T20:00:00.000Z"
58,87,50000,"2031-12-21T20:00:00.000Z"
2,61,120000,"2030-09-03T20:00:00.000Z"
0,5,50000,"2030-11-25T20:00:00.000Z"
98,42,0,"2030-02-15T20:00:00.000Z"
5,45,35000,"2030-12-09T20:00:00.000Z"
44,68,20000,"2030-05-30T20:00:00.000Z"
92,61,35000,"2031-10-17T20:00:00.000Z"
74,41,50000,"2031-02-20T20:00:00.000Z"
49,47,20000,"2031-08-04T20:00:00.000Z"
14,11,50000,"2031-03-12T20:00:00.000Z"
29,8,50000,"2030-04-15T20:00:00.000Z"
13,80,50000,"2030-04-01T20:00:00.000Z"
82,40,50000,"2030-04-11T20:00:00.000Z"
20,6,20000,"2031-05-25T20:00:00.000Z"
14,14,0,"2030-06-14T20:00:00.000Z"
81,16,75000,"2031-05-29T20:00:00.000Z"
78,65,250000,"2030-11-26T20:00:00.000Z"
72,27,0,"2031-03-31T20:00:00.000Z"
99,92,250000,"2031-01-15T20:00:00.000Z"
62,66,250000,"2030-05-31T20:00:00.000Z"
24,59,75000,"2030-09-10T20:00:00.000Z"
9,9,20000,"2031-12-17T20:00:00.000Z"
12,7,50000,"2030-05-27T20:00:00.000Z"
85,12,0,"2031-04-26T20:00:00.000Z"
48,66,120000,"2030-11-02T20:00:00.000Z"
35,58,20000,"2031-02-09T20:00:00.000Z"
91,82,0,"2031-05-27T20:00:00.000Z"
61,7,20000,"2030-03-31T20:00:00.000Z"
52,40,120000,"2031-10-28T20:00:00.000Z"
47,52,250000,"2031-04-28T20:00:00.000Z"
9,4,250000,"2030-12-27T20:00:00.000Z"
8,83,35000,"2031-10-30T20:00:00.000Z"
44,53,50000,"2030-09-07T20:00:00.000Z"
69,54,50000,"2031-10-24T20:00:00.000Z"
16,31,250000,"2030-11-07T20:00:00.000Z"
85,58,120000,"2031-01-31T20:00:00.000Z"
67,99,20000,"2031-08-26T20:00:00.000Z"
80,12,75000,"2031-05-11T20:00:00.000Z"
58,95,50000,"2030-11-08T20:00:00.000Z"
26,39,75000,"2031-10-11T20:00:00.000Z"
34,2,0,"2031-11-30T20:00:00.000Z"
48,67,250000,"2031-04-19T20:00:00.000Z"
19,16,0,"2030-02-02T20:00:00.000Z"
66,29,20000,"2030-03-21T20:00:00.000Z"
54,25,0,"2030-05-06T20:00:00.000Z"
60,64,50000,"2030-11-13T20:00:00.000Z"
46,98,35000,"2031-10-20T20:00:00.000Z"
76,37,120000,"2031-09-14T20:00:00.000Z"
68,70,0,"2030-07-08T20:00:00.000Z"
54,51,75000,"2030-03-06T20:00:00.000Z"
79,43,0,"2031-01-16T20:00:00.000Z"
93,79,35000,"2030-06-25T20:00:00.000Z"
79,88,20000,"2030-04-07T20:00:00.000Z"
47,90,250000,"2031-04-24T20:00:00.000Z"
90,54,50000,"2031-02-05T20:00:00.000Z"
51,89,50000,"2031-12-09T20:00:00.000Z"
81,86,75000,"2030-06-06T20:00:00.000Z"
74,60,250000,"2031-09-21T20:00:00.000Z"
6,43,50000,"2031-02-15T20:00:00.000Z"
13,20,250000,"2030-08-30T20:00:00.000Z"
93,31,50000,"2030-03-14T20:00:00.000Z"
10,69,120000,"2031-01-25T20:00:00.000Z"
45,35,0,"2031-01-30T20:00:00.000Z"
3,56,120000,"2030-09-09T20:00:00.000Z"
88,59,250000,"2030-02-04T20:00:00.000Z"
8,51,35000,"2030-05-15T20:00:00.000Z"
44,75,250000,"2030-11-19T20:00:00.000Z"
33,15,20000,"2031-04-04T20:00:00.000Z"
28,77,20000,"2031-02-18T20:00:00.000Z"
25,83,120000,"2031-03-07T20:00:00.000Z"
93,36,250000,"2031-06-25T20:00:00.000Z"
41,54,250000,"2031-09-13T20:00:00.000Z"
90,73,20000,"2030-02-24T20:00:00.000Z"
59,82,50000,"2030-11-23T20:00:00.000Z"
67,24,50000,"2030-03-08T20:00:00.000Z"
15,78,35000,"2030-08-19T20:00:00.000Z"
1,22,250000,"2030-06-23T20:00:00.000Z"
75,17,0,"2031-07-10T20:00:00.000Z"
54,82,20000,"2031-05-02T20:00:00.000Z"
32,46,50000,"2030-11-03T20:00:00.000Z"
68,90,75000,"2031-07-02T20:00:00.000Z"
40,12,50000,"2031-02-24T20:00:00.000Z"
87,0,20000,"2030-02-12T20:00:00.000Z"
80,76,20000,"2030-10-15T20:00:00.000Z"
9,41,75000,"2031-09-01T20:00:00.000Z"
52,55,250000,"2030-10-19T20:00:00.000Z"
77,21,75000,"2030-11-28T20:00:00.000Z"
0,51,250000,"2031-06-09T20:00:00.000Z"
87,46,0,"2031-06-25T20:00:00.000Z"
72,2,50000,"2031-08-27T20:00:00.000Z"
43,42,120000,"2031-02-01T20:00:00.000Z"
8,27,35000,"2031-08-03T20:00:00.000Z"
35,85,20000,"2030-09-28T20:00:00.000Z"
56,85,120000,"2030-05-22T20:00:00.000Z"
45,29,0,"2031-09-14T20:00:00.000Z"
30,37,20000,"2030-11-09T20:00:00.000Z"
94,56,75000,"2031-07-17T20:00:00.000Z"
84,16,75000,"2031-10-03T20:00:00.000Z"
12,15,0,"2030-11-21T20:00:00.000Z"
33,0,120000,"2030-10-09T20:00:00.000Z"
42,80,20000,"2031-09-04T20:00:00.000Z"
94,95,50000,"2030-06-28T20:00:00.000Z"
76,10,20000,"2030-09-09T20:00:00.000Z"
60,24,20000,"2030-02-02T20:00:00.000Z"
22,10,20000,"2031-06-22T20:00:00.000Z"
11,17,50000,"2031-07-22T20:00:00.000Z"
1,8,250000,"2030-06-19T20:00:00.000Z"
52,15,35000,"2031-08-16T20:00:00.000Z"
77,32,35000,"2031-01-16T20:00:00.000Z"
81,76,75000,"2030-02-20T20:00:00.000Z"
17,92,0,"2031-10-26T20:00:00.000Z"
89,83,75000,"2031-10-31T20:00:00.000Z"
81,76,250000,"2031-05-06T20:00:00.000Z"
98,72,0,"2031-11-26T20:00:00.000Z"
49,40,0,"2031-12-27T20:00:00.000Z"
16,46,250000,"2031-06-19T20:00:00.000Z"
70,20,35000,"2031-06-11T20:00:00.000Z"
40,18,75000,"2031-01-16T20:00:00.000Z"
50,32,0,"2030-09-08T20:00:00.000Z"
74,39,35000,"2030-11-27T20:00:00.000Z"
70,97,50000,"2031-06-29T20:00:00.000Z"
96,47,250000,"2030-07-23T20:00:00.000Z"
31,56,0,"2031-03-08T20:00:00.000Z"
35,17,120000,"2031-03-29T20:00:00.000Z"
33,1,120000,"2031-11-27T20:00:00.000Z"
1,15,120000,"2031-10-25T20:00:00.000Z"
90,12,0,"2031-10-15T20:00:00.000Z"
29,65,50000,"2031-07-04T20:00:00.000Z"
66,94,120000,"2030-08-07T20:00:00.000Z"
65,12,50000,"2031-10-15T20:00:00.000Z"
51,25,50000,"2030-10-06T20:00:00.000Z"
77,2,120000,"2031-09-08T20:00:00.000Z"
63,10,20000,"2031-09-26T20:00:00.000Z"
4,62,35000,"2031-10-26T20:00:00.000Z"
85,41,50000,"2031-04-02T20:00:00.000Z"
25,88,75000,"2031-11-13T20:00:00.000Z"
32,63,75000,"2031-06-18T20:00:00.000Z"
72,37,0,"2031-01-06T20:00:00.000Z"
49,44,20000,"2030-10-30T20:00:00.000Z"
68,29,120000,"2031-05-30T20:00:00.000Z"
36,56,20000,"2030-07-03T20:00:00.000Z"
94,55,0,"2031-03-04T20:00:00.000Z"
14,55,20000,"2030-04-11T20:00:00.000Z"
91,86,0,"2031-12-07T20:00:00.000Z"
13,79,120000,"2031-05-22T20:00:00.000Z"
93,94,20000,"2030-03-04T20:00:00.000Z"
96,39,50000,"2030-10-19T20:00:00.000Z"
91,77,0,"2030-09-24T20:00:00.000Z"
14,25,20000,"2031-11-18T20:00:00.000Z"
26,92,0,"2030-09-27T20:00:00.000Z"
90,15,35000,"2031-04-15T20:00:00.000Z"
15,88,250000,"2031-06-08T20:00:00.000Z"
34,90,120000,"2031-10-17T20:00:00.000Z"
11,57,75000,"2031-12-05T20:00:00.000Z"
97,59,250000,"2031-04-24T20:00:00.000Z"
87,76,120000,"2031-09-03T20:00:00.000Z"
41,82,50000,"2030-03-26T20:00:00.000Z"
61,72,35000,"2030-03-18T20:00:00.000Z"
59,11,75000,"2030-04-09T20:00:00.000Z"
43,77,120000,"2031-10-24T20:00:00.000Z"
8,25,35000,"2030-07-10T20:00:00.000Z"
16,1,35000,"2030-02-15T20:00:00.000Z"
88,81,250000,"2030-05-27T20:00:00.000Z"
56,9,250000,"2030-04-18T20:00:00.000Z"
44,66,75000,"2031-09-09T20:00:00.000Z"
71,96,0,"2031-12-13T20:00:00.000Z"
0,57,35000,"2030-03-09T20:00:00.000Z"
76,83,0,"2030-06-18T20:00:00.000Z"
26,84,0,"2031-06-14T20:00:00.000Z"
8,3,50000,"2030-11-07T20:00:00.000Z"
40,8,0,"2031-03-05T20:00:00.000Z"
55,7,120000,"2030-02-15T20:00:00.000Z"
31,94,120000,"2031-02-23T20:00:00.000Z"
31,68,0,"2031-05-26T20:00:00.000Z"
23,95,250000,"2031-05-25T20:00:00.000Z"
77,92,250000,"2030-04-28T20:00:00.000Z"
65,50,75000,"2031-01-17T20:00:00.000Z"
92,42,50000,"2031-05-14T20:00:00.000Z"
56,72,35000,"2030-04-13T20:00:00.000Z"
97,57,250000,"2030-08-21T20:00:00.000Z"
96,58,35000,"2031-06-11T20:00:00.000Z"
27,90,120000,"2030-07-01T20:00:00.000Z"
74,95,75000,"2031-08-25T20:00:00.000Z"
64,39,35000,"2030-04-15T20:00:00.000Z"
84,77,35000,"2031-10-20T20:00:00.000Z"
84,96,120000,"2031-08-01T20:00:00.000Z"
71,28,50000,"2031-05-13T20:00:00.000Z"
56,95,250000,"2031-02-06T20:00:00.000Z"
13,28,50000,"2031-11-07T20:00:00.000Z"
54,69,20000,"2031-12-09T20:00:00.000Z"
29,50,250000,"2031-11-03T20:00:00.000Z"
12,12,120000,"2030-12-15T20:00:00.000Z"
23,98,120000,"2030-09-23T20:00:00.000Z"
5,48,20000,"2030-04-03T20:00:00.000Z"
53,59,35000,"2031-08-14T20:00:00.000Z"
62,9,75000,"2030-07-29T20:00:00.000Z"
40,50,35000,"2031-11-28T20:00:00.000Z"
11,12,75000,"2031-06-29T20:00:00.000Z"
99,82,120000,"2030-04-07T20:00:00.000Z"
57,49,50000,"2030-10-20T20:00:00.000Z"
7,24,20000,"2030-11-08T20:00:00.000Z"
85,81,250000,"2030-09-19T20:00:00.000Z"
5,76,35000,"2031-05-22T20:00:00.000Z"
3,39,20000,"2031-09-28T20:00:00.000Z"
18,47,20000,"2031-06-07T20:00:00.000Z"
8,27,0,"2031-06-06T20:00:00.000Z"
25,39,75000,"2030-04-11T20:00:00.000Z"
90,40,20000,"2031-12-05T20:00:00.000Z"
44,39,20000,"2031-08-26T20:00:00.000Z"
62,79,250000,"2031-04-21T20:00:00.000Z"
59,15,75000,"2030-04-30T20:00:00.000Z"
25,75,250000,"2031-04-28T20:00:00.000Z"
70,18,250000,"2030-07-01T20:00:00.000Z"
61,26,50000,"2030-12-08T20:00:00.000Z"
83,97,50000,"2030-09-14T20:00:00.000Z"
61,29,250000,"2030-06-20T20:00:00.000Z"
22,7,250000,"2030-12-07T20:00:00.000Z"
82,28,50000,"2031-02-03T20:00:00.000Z"
82,38,35000,"2031-03-28T20:00:00.000Z"
32,61,50000,"2031-07-31T20:00:00.000Z"
2,39,120000,"2031-05-18T20:00:00.000Z"
95,19,20000,"2031-11-12T20:00:00.000Z"
81,55,50000,"2031-08-08T20:00:00.000Z"
78,8,120000,"2031-12-10T20:00:00.000Z"
16,66,75000,"2030-08-17T20:00:00.000Z"
97,16,50000,"2031-11-01T20:00:00.000Z"
75,35,35000,"2030-06-21T20:00:00.000Z"
85,91,20000,"2030-09-27T20:00:00.000Z"
5,62,50000,"2030-11-08T20:00:00.000Z"
42,21,50000,"2031-01-24T20:00:00.000Z"
61,42,50000,"2030-06-05T20:00:00.000Z"
7,22,120000,"2030-02-22T20:00:00.000Z"
79,32,75000,"2031-01-03T20:00:00.000Z"
70,32,75000,"2030-04-08T20:00:00.000Z"
70,23,0,"2031-05-16T20:00:00.000Z"
4,11,35000,"2030-08-21T20:00:00.000Z"
49,16,35000,"2031-09-25T20:00:00.000Z"
42,47,20000,"2031-11-19T20:00:00.000Z"
97,13,120000,"2031-08-11T20:00:00.000Z"
70,69,250000,"2030-03-04T20:00:00.000Z"
52,98,0,"2030-09-13T20:00:00.000Z"
68,68,120000,"2031-07-24T20:00:00.000Z"
32,43,0,"2030-11-02T20:00:00.000Z"
66,18,120000,"2030-12-31T20:00:00.000Z"
89,7,0,"2031-05-05T20:00:00.000Z"
43,12,250000,"2030-10-02T20:00:00.000Z"
94,47,0,"2031-03-23T20:00:00.000Z"
50,96,35000,"2031-02-28T20:00:00.000Z"
54,31,0,"2030-07-10T20:00:00.000Z"
70,15,20000,"2030-02-12T20:00:00.000Z"
59,65,50000,"2030-10-28T20:00:00.000Z"
6,62,0,"2031-04-29T20:00:00.000Z"
63,17,35000,"2031-02-09T20:00:00.000Z"
0,36,0,"2030-08-08T20:00:00.000Z"
93,53,50000,"2030-05-29T20:00:00.000Z"
83,4,50000,"2030-02-11T20:00:00.000Z"
90,78,75000,"2031-07-22T20:00:00.000Z"
59,67,35000,"2030-09-06T20:00:00.000Z"
82,85,0,"2030-09-10T20:00:00.000Z"
18,43,35000,"2030-12-02T20:00:00.000Z"
92,3,35000,"2030-10-24T20:00:00.000Z"
79,38,35000,"2031-04-12T20:00:00.000Z"
66,64,75000,"2031-07-10T20:00:00.000Z"
69,43,20000,"2031-07-01T20:00:00.000Z"
46,60,250000,"2031-04-28T20:00:00.000Z"
28,21,120000,"2031-01-29T20:00:00.000Z"
66,24,250000,"2031-01-07T20:00:00.000Z"
50,13,120000,"2030-10-14T20:00:00.000Z"
78,3,50000,"2030-07-05T20:00:00.000Z"
48,39,250000,"2031-06-15T20:00:00.000Z"
18,41,50000,"2030-06-30T20:00:00.000Z"
60,16,120000,"2031-11-26T20:00:00.000Z"
93,76,120000,"2031-06-12T20:00:00.000Z"
78,73,35000,"2031-10-16T20:00:00.000Z"
5,33,50000,"2031-09-13T20:00:00.000Z"
13,76,250000,"2031-09-20T20:00:00.000Z"
8,26,75000,"2030-07-07T20:00:00.000Z"
89,63,120000,"2030-07-23T20:00:00.000Z"
87,71,120000,"2030-03-25T20:00:00.000Z"
70,79,120000,"2031-07-15T20:00:00.000Z"
82,1,20000,"2031-11-25T20:00:00.000Z"
16,21,250000,"2030-03-24T20:00:00.000Z"
31,85,120000,"2031-12-10T20:00:00.000Z"
72,87,0,"2030-06-22T20:00:00.000Z"
50,62,50000,"2031-06-02T20:00:00.000Z"
87,33,35000,"2030-09-06T20:00:00.000Z"
44,68,35000,"2031-01-10T20:00:00.000Z"
68,37,0,"2030-05-27T20:00:00.000Z"
49,86,20000,"2031-01-05T20:00:00.000Z"
58,66,250000,"2030-04-17T20:00:00.000Z"
4,84,20000,"2030-04-04T20:00:00.000Z"
51,53,50000,"2031-04-04T20:00:00.000Z"
56,75,75000,"2030-04-01T20:00:00.000Z"
38,76,20000,"2030-10-30T20:00:00.000Z"
92,72,50000,"2030-07-28T20:00:00.000Z"
83,48,35000,"2030-03-18T20:00:00.000Z"
12,59,50000,"2031-03-21T20:00:00.000Z"
28,10,75000,"2030-11-18T20:00:00.000Z"
21,57,120000,"2030-03-23T20:00:00.000Z"
32,33,250000,"2030-05-28T20:00:00.000Z"
60,6,75000,"2031-12-19T20:00:00.000Z"
44,19,0,"2030-10-04T20:00:00.000Z"
68,50,35000,"2031-08-16T20:00:00.000Z"
0,21,0,"2030-07-17T20:00:00.000Z"
71,26,250000,"2031-05-21T20:00:00.000Z"
57,56,120000,"2031-08-26T20:00:00.000Z"
8,60,120000,"2030-11-25T20:00:00.000Z"
56,36,75000,"2031-09-15T20:00:00.000Z"
80,75,0,"2030-04-21T20:00:00.000Z"
16,91,250000,"2030-12-20T20:00:00.000Z"
41,96,0,"2030-06-30T20:00:00.000Z"
64,16,20000,"2030-10-09T20:00:00.000Z"
11,67,35000,"2030-08-24T20:00:00.000Z"
85,9,0,"2031-01-29T20:00:00.000Z"
26,74,250000,"2030-08-24T20:00:00.000Z"
19,24,20000,"2031-01-27T20:00:00.000Z"
15,75,35000,"2030-10-05T20:00:00.000Z"
72,23,0,"2030-10-19T20:00:00.000Z"
12,28,50000,"2030-06-24T20:00:00.000Z"
74,47,50000,"2031-12-24T20:00:00.000Z"
98,40,20000,"2030-05-01T20:00:00.000Z"
59,76,50000,"2030-04-25T20:00:00.000Z"
69,8,75000,"2030-12-24T20:00:00.000Z"
76,10,0,"2031-11-19T20:00:00.000Z"
49,77,250000,"2031-06-12T20:00:00.000Z"
37,48,75000,"2030-05-03T20:00:00.000Z"
18,94,75000,"2030-05-06T20:00:00.000Z"
92,76,75000,"2031-03-15T20:00:00.000Z"
80,79,35000,"2030-02-10T20:00:00.000Z"
34,63,50000,"2031-04-04T20:00:00.000Z"
63,96,50000,"2030-10-19T20:00:00.000Z"
42,58,20000,"2031-07-17T20:00:00.000Z"
48,29,0,"2030-09-23T20:00:00.000Z"
46,98,35000,"2030-05-29T20:00:00.000Z"
25,66,75000,"2030-02-03T20:00:00.000Z"
33,20,75000,"2031-01-07T20:00:00.000Z"
91,97,20000,"2031-11-07T20:00:00.000Z"
72,82,35000,"2030-10-18T20:00:00.000Z"
68,0,120000,"2030-03-30T20:00:00.000Z"
86,86,75000,"2031-02-01T20:00:00.000Z"
59,55,35000,"2031-02-01T20:00:00.000Z"
41,10,0,"2030-09-06T20:00:00.000Z"
34,45,20000,"2030-12-13T20:00:00.000Z"
72,45,35000,"2031-11-17T20:00:00.000Z"
45,79,75000,"2031-12-07T20:00:00.000Z"
45,43,75000,"2030-05-30T20:00:00.000Z"
74,8,250000,"2030-09-02T20:00:00.000Z"
39,60,75000,"2031-05-07T20:00:00.000Z"
14,56,120000,"2031-06-07T20:00:00.000Z"
70,20,75000,"2031-07-28T20:00:00.000Z"
78,57,0,"2031-07-15T20:00:00.000Z"
43,71,75000,"2030-03-11T20:00:00.000Z"
39,91,250000,"2030-11-03T20:00:00.000Z"
30,59,35000,"2030-05-30T20:00:00.000Z"
7,33,20000,"2030-11-02T20:00:00.000Z"
85,1,75000,"2031-01-06T20:00:00.000Z"
28,10,250000,"2030-12-13T20:00:00.000Z"
92,67,35000,"2030-05-29T20:00:00.000Z"
23,54,35000,"2031-09-12T20:00:00.000Z"
36,66,75000,"2031-09-27T20:00:00.000Z"
55,72,75000,"2031-04-01T20:00:00.000Z"
13,44,50000,"2031-11-08T20:00:00.000Z"
23,18,0,"2030-09-22T20:00:00.000Z"
70,78,0,"2030-07-03T20:00:00.000Z"
96,70,120000,"2031-01-02T20:00:00.000Z"
71,90,50000,"2031-01-06T20:00:00.000Z"
68,15,50000,"2030-08-06T20:00:00.000Z"
98,53,35000,"2030-08-04T20:00:00.000Z"
55,40,20000,"2030-05-06T20:00:00.000Z"
90,13,20000,"2030-10-18T20:00:00.000Z"
15,29,35000,"2031-07-19T20:00:00.000Z"
96,15,35000,"2031-12-03T20:00:00.000Z"
99,67,50000,"2031-04-28T20:00:00.000Z"
79,32,120000,"2030-04-23T20:00:00.000Z"
45,47,50000,"2030-07-15T20:00:00.000Z"
37,5,50000,"2030-03-14T20:00:00.000Z"
87,89,0,"2031-05-04T20:00:00.000Z"
61,86,0,"2031-09-17T20:00:00.000Z"
3,62,75000,"2031-11-28T20:00:00.000Z"
23,86,250000,"2031-06-04T20:00:00.000Z"
0,8,20000,"2031-11-21T20:00:00.000Z"
99,36,250000,"2031-09-11T20:00:00.000Z"
19,82,75000,"2031-03-21T20:00:00.000Z"
16,47,50000,"2031-11-17T20:00:00.000Z"
78,89,20000,"2031-12-18T20:00:00.000Z"
36,79,120000,"2030-03-26T20:00:00.000Z"
45,35,120000,"2031-08-23T20:00:00.000Z"
69,15,50000,"2030-09-15T20:00:00.000Z"
44,76,250000,"2031-01-18T20:00:00.000Z"
18,46,0,"2031-08-30T20:00:00.000Z"
86,78,250000,"2031-08-25T20:00:00.000Z"
57,56,50000,"2030-12-28T20:00:00.000Z"
40,87,35000,"2030-03-19T20:00:00.000Z"
33,14,250000,"2030-06-01T20:00:00.000Z"
29,98,0,"2031-10-23T20:00:00.000Z"
9,81,20000,"2031-04-03T20:00:00.000Z"
58,31,120000,"2031-04-03T20:00:00.000Z"
33,9,20000,"2031-04-14T20:00:00.000Z"
77,22,75000,"2030-02-24T20:00:00.000Z"
39,58,35000,"2030-05-10T20:00:00.000Z"
69,7,50000,"2030-02-10T20:00:00.000Z"
76,13,120000,"2031-04-24T20:00:00.000Z"
77,23,35000,"2030-11-14T20:00:00.000Z"
77,12,0,"2030-07-03T20:00:00.000Z"
55,11,75000,"2031-05-19T20:00:00.000Z"
48,72,250000,"2030-06-19T20:00:00.000Z"
54,25,35000,"2030-02-08T20:00:00.000Z"
0,34,50000,"2030-08-29T20:00:00.000Z"
41,48,250000,"2030-03-13T20:00:00.000Z"
0,0,75000,"2030-10-20T20:00:00.000Z"
43,11,120000,"2030-06-03T20:00:00.000Z"
64,88,75000,"2031-06-11T20:00:00.000Z"
27,29,35000,"2030-08-02T20:00:00.000Z"
75,86,120000,"2031-10-12T20:00:00.000Z"
15,27,75000,"2030-05-18T20:00:00.000Z"
35,15,20000,"2030-06-21T20:00:00.000Z"
17,87,75000,"2031-03-11T20:00:00.000Z"
44,99,120000,"2031-05-09T20:00:00.000Z"
14,90,20000,"2031-05-17T20:00:00.000Z"
19,41,20000,"2031-02-03T20:00:00.000Z"
52,74,250000,"2030-03-16T20:00:00.000Z"
33,0,50000,"2030-11-16T20:00:00.000Z"
86,92,120000,"2031-01-19T20:00:00.000Z"
96,83,35000,"2031-12-22T20:00:00.000Z"
40,77,250000,"2030-04-04T20:00:00.000Z"
58,38,250000,"2030-06-06T20:00:00.000Z"
10,12,75000,"2030-02-13T20:00:00.000Z"
49,55,250000,"2030-02-04T20:00:00.000Z"
89,13,20000,"2031-11-05T20:00:00.000Z"
51,67,20000,"2031-10-27T20:00:00.000Z"
29,13,0,"2031-07-11T20:00:00.000Z"
96,73,50000,"2031-05-27T20:00:00.000Z"
35,47,75000,"2030-07-28T20:00:00.000Z"
98,45,0,"2031-12-29T20:00:00.000Z"
84,57,75000,"2031-12-10T20:00:00.000Z"
19,64,35000,"2030-10-22T20:00:00.000Z"
79,89,120000,"2031-08-22T20:00:00.000Z"
64,43,20000,"2031-10-07T20:00:00.000Z"
40,7,20000,"2030-07-06T20:00:00.000Z"
1,70,20000,"2030-07-09T20:00:00.000Z"
12,5,250000,"2031-10-04T20:00:00.000Z"
28,50,20000,"2031-03-04T20:00:00.000Z"
22,33,35000,"2031-11-08T20:00:00.000Z"
52,55,20000,"2031-07-16T20:00:00.000Z"
49,22,75000,"2031-09-24T20:00:00.000Z"
14,81,120000,"2030-07-12T20:00:00.000Z"
44,20,0,"2031-10-14T20:00:00.000Z"
40,12,50000,"2030-11-21T20:00:00.000Z"
62,33,120000,"2031-10-12T20:00:00.000Z"
21,84,75000,"2031-07-06T20:00:00.000Z"
41,72,35000,"2031-11-04T20:00:00.000Z"
27,66,35000,"2030-05-21T20:00:00.000Z"
6,7,20000,"2030-09-14T20:00:00.000Z"
53,40,50000,"2030-08-01T20:00:00.000Z"
1,23,20000,"2030-10-04T20:00:00.000Z"
95,87,250000,"2031-12-11T20:00:00.000Z"
58,90,250000,"2030-10-17T20:00:00.000Z"
56,80,120000,"2031-07-21T20:00:00.000Z"
94,35,35000,"2031-04-18T20:00:00.000Z"
83,87,75000,"2030-12-30T20:00:00.000Z"
41,17,20000,"2031-03-30T20:00:00.000Z"
40,79,35000,"2031-04-30T20:00:00.000Z"
5,14,50000,"2031-09-28T20:00:00.000Z"
10,36,250000,"2030-12-28T20:00:00.000Z"
59,13,35000,"2031-02-21T20:00:00.000Z"
21,72,50000,"2030-08-01T20:00:00.000Z"
64,8,0,"2030-10-28T20:00:00.000Z"
15,60,250000,"2031-01-17T20:00:00.000Z"
27,2,35000,"2030-07-22T20:00:00.000Z"
42,57,35000,"2030-12-28T20:00:00.000Z"
80,18,35000,"2030-09-10T20:00:00.000Z"
83,51,120000,"2030-11-15T20:00:00.000Z"
3,13,120000,"2031-08-09T20:00:00.000Z"
12,98,35000,"2030-07-25T20:00:00.000Z"
68,2,20000,"2030-05-08T20:00:00.000Z"
78,75,0,"2031-11-04T20:00:00.000Z"
20,86,250000,"2031-11-13T20:00:00.000Z"
33,37,75000,"2030-06-20T20:00:00.000Z"
85,85,50000,"2030-07-18T20:00:00.000Z"
74,76,35000,"2030-05-26T20:00:00.000Z"
15,80,0,"2031-03-23T20:00:00.000Z"
32,95,120000,"2030-05-13T20:00:00.000Z"
57,59,250000,"2031-01-10T20:00:00.000Z"
84,80,20000,"2030-08-24T20:00:00.000Z"
60,74,120000,"2031-01-02T20:00:00.000Z"
94,82,75000,"2031-05-25T20:00:00.000Z"
11,95,50000,"2031-08-16T20:00:00.000Z"
96,5,20000,"2031-12-30T20:00:00.000Z"
98,79,250000,"2031-03-29T20:00:00.000Z"
92,1,120000,"2031-07-09T20:00:00.000Z"
11,44,35000,"2031-05-26T20:00:00.000Z"
1,68,0,"2030-04-05T20:00:00.000Z"
69,43,250000,"2031-09-25T20:00:00.000Z"
18,57,20000,"2030-06-01T20:00:00.000Z"
82,50,250000,"2031-08-27T20:00:00.000Z"
23,86,50000,"2030-03-19T20:00:00.000Z"
42,53,0,"2031-03-27T20:00:00.000Z"
12,58,0,"2030-07-27T20:00:00.000Z"
47,50,50000,"2031-03-30T20:00:00.000Z"
56,87,250000,"2031-05-11T20:00:00.000Z"
51,49,20000,"2030-06-03T20:00:00.000Z"
0,28,250000,"2030-09-02T20:00:00.000Z"
54,82,250000,"2031-07-02T20:00:00.000Z"
87,16,20000,"2030-11-23T20:00:00.000Z"
18,21,250000,"2031-01-24T20:00:00.000Z"
18,8,20000,"2030-07-18T20:00:00.000Z"
12,95,250000,"2031-07-23T20:00:00.000Z"
35,38,120000,"2030-07-29T20:00:00.000Z"
94,24,75000,"2031-05-15T20:00:00.000Z"
47,65,0,"2030-04-18T20:00:00.000Z"
18,49,35000,"2031-05-06T20:00:00.000Z"
77,46,0,"2030-02-02T20:00:00.000Z"
80,77,35000,"2030-11-10T20:00:00.000Z"
45,96,20000,"2031-05-25T20:00:00.000Z"
89,26,0,"2030-09-27T20:00:00.000Z"
81,69,50000,"2030-01-31T20:00:00.000Z"
68,76,75000,"2031-06-26T20:00:00.000Z"
73,36,120000,"2030-02-04T20:00:00.000Z"
95,34,0,"2030-09-02T20:00:00.000Z"
39,76,35000,"2031-04-22T20:00:00.000Z"
65,94,75000,"2031-01-04T20:00:00.000Z"
34,66,0,"2031-11-28T20:00:00.000Z"
89,15,35000,"2030-05-01T20:00:00.000Z"
94,84,50000,"2031-11-07T20:00:00.000Z"
27,92,50000,"2031-10-11T20:00:00.000Z"
99,14,50000,"2031-08-14T20:00:00.000Z"
40,48,250000,"2030-03-13T20:00:00.000Z"
77,60,20000,"2030-03-02T20:00:00.000Z"
91,21,50000,"2030-04-08T20:00:00.000Z"
38,66,20000,"2031-08-10T20:00:00.000Z"
61,60,75000,"2031-03-07T20:00:00.000Z"
33,35,250000,"2031-11-16T20:00:00.000Z"
6,32,35000,"2031-08-10T20:00:00.000Z"
54,70,250000,"2031-06-02T20:00:00.000Z"
42,28,75000,"2031-11-15T20:00:00.000Z"
55,3,35000,"2031-09-06T20:00:00.000Z"
62,81,0,"2031-06-24T20:00:00.000Z"
13,44,250000,"2030-10-09T20:00:00.000Z"
82,87,120000,"2031-07-16T20:00:00.000Z"
14,29,120000,"2031-09-15T20:00:00.000Z"
24,35,50000,"2030-08-11T20:00:00.000Z"
75,80,250000,"2030-08-18T20:00:00.000Z"
21,37,120000,"2031-03-14T20:00:00.000Z"
92,60,35000,"2031-01-22T20:00:00.000Z"
62,77,0,"2030-02-06T20:00:00.000Z"
25,51,20000,"2030-06-08T20:00:00.000Z"
67,48,35000,"2030-11-16T20:00:00.000Z"
11,23,50000,"2030-10-04T20:00:00.000Z"
83,15,250000,"2030-08-07T20:00:00.000Z"
6,18,50000,"2031-02-16T20:00:00.000Z"
31,67,35000,"2030-08-31T20:00:00.000Z"
66,38,20000,"2030-12-19T20:00:00.000Z"
61,87,75000,"2031-06-10T20:00:00.000Z"
48,38,250000,"2030-06-14T20:00:00.000Z"
58,22,0,"2031-10-25T20:00:00.000Z"
55,24,35000,"2030-02-26T20:00:00.000Z"
68,65,120000,"2031-09-30T20:00:00.000Z"
1,64,0,"2031-09-18T20:00:00.000Z"
58,33,120000,"2030-02-22T20:00:00.000Z"
13,98,250000,"2031-12-11T20:00:00.000Z"
8,65,20000,"2031-06-28T20:00:00.000Z"
64,58,250000,"2031-06-08T20:00:00.000Z"
35,13,75000,"2030-07-13T20:00:00.000Z"
38,92,50000,"2030-10-26T20:00:00.000Z"
45,51,0,"2030-08-29T20:00:00.000Z"
20,95,250000,"2031-12-07T20:00:00.000Z"
21,79,75000,"2030-09-29T20:00:00.000Z"
27,50,20000,"2030-06-28T20:00:00.000Z"
37,43,120000,"2030-05-05T20:00:00.000Z"
62,68,250000,"2030-11-26T20:00:00.000Z"
7,54,20000,"2030-03-09T20:00:00.000Z"
5,40,50000,"2031-07-14T20:00:00.000Z"
65,20,120000,"2031-11-18T20:00:00.000Z"
31,93,120000,"2030-02-28T20:00:00.000Z"
73,76,35000,"2030-12-20T20:00:00.000Z"
59,56,0,"2030-07-24T20:00:00.000Z"
65,29,250000,"2030-04-13T20:00:00.000Z"
39,22,0,"2030-12-19T20:00:00.000Z"
19,2,250000,"2031-05-01T20:00:00.000Z"
63,29,120000,"2030-11-17T20:00:00.000Z"
60,91,250000,"2030-08-21T20:00:00.000Z"
9,40,75000,"2031-04-11T20:00:00.000Z"
98,18,75000,"2030-07-18T20:00:00.000Z"
18,30,120000,"2030-02-25T20:00:00.000Z"
91,6,50000,"2031-12-11T20:00:00.000Z"
0,79,50000,"2030-08-24T20:00:00.000Z"
46,42,50000,"2031-11-30T20:00:00.000Z"
75,76,35000,"2031-01-22T20:00:00.000Z"
47,62,20000,"2030-02-05T20:00:00.000Z"
40,20,50000,"2031-04-26T20:00:00.000Z"
14,31,120000,"2030-06-06T20:00:00.000Z"
72,38,250000,"2030-11-19T20:00:00.000Z"
97,37,120000,"2030-06-25T20:00:00.000Z"
58,99,120000,"2031-08-17T20:00:00.000Z"
98,86,0,"2031-02-08T20:00:00.000Z"
61,46,0,"2030-03-28T20:00:00.000Z"
23,8,50000,"2031-10-13T20:00:00.000Z"
14,18,75000,"2030-11-28T20:00:00.000Z"
71,63,20000,"2030-11-21T20:00:00.000Z"
45,96,120000,"2030-04-30T20:00:00.000Z"
48,58,120000,"2030-11-26T20:00:00.000Z"
33,43,20000,"2030-08-05T20:00:00.000Z"
16,72,35000,"2031-03-26T20:00:00.000Z"
1,56,50000,"2030-03-12T20:00:00.000Z"
70,80,75000,"2031-09-21T20:00:00.000Z"
32,20,50000,"2031-06-05T20:00:00.000Z"
53,90,20000,"2031-07-04T20:00:00.000Z"
20,73,50000,"2031-08-10T20:00:00.000Z"
92,84,50000,"2030-10-26T20:00:00.000Z"
54,74,0,"2030-09-24T20:00:00.000Z"
75,63,20000,"2031-12-31T20:00:00.000Z"
31,77,120000,"2030-08-02T20:00:00.000Z"
53,4,50000,"2031-12-24T20:00:00.000Z"
0,16,250000,"2031-02-25T20:00:00.000Z"
76,15,35000,"2031-03-02T20:00:00.000Z"
37,89,0,"2031-11-16T20:00:00.000Z"
59,4,120000,"2031-12-09T20:00:00.000Z"
57,55,250000,"2030-03-23T20:00:00.000Z"
83,51,75000,"2030-07-10T20:00:00.000Z"
45,29,120000,"2030-11-12T20:00:00.000Z"
17,85,75000,"2031-01-16T20:00:00.000Z"
33,96,75000,"2031-01-15T20:00:00.000Z"
88,68,35000,"2031-11-27T20:00:00.000Z"
95,17,120000,"2031-11-30T20:00:00.000Z"
63,88,250000,"2030-07-01T20:00:00.000Z"
85,52,75000,"2031-11-01T20:00:00.000Z"
79,54,250000,"2030-11-19T20:00:00.000Z"
96,84,0,"2030-04-08T20:00:00.000Z"
93,3,75000,"2031-07-08T20:00:00.000Z"
54,50,120000,"2030-11-17T20:00:00.000Z"
71,4,250000,"2031-03-29T20:00:00.000Z"
50,78,250000,"2030-05-18T20:00:00.000Z"
99,77,35000,"2030-08-30T20:00:00.000Z"
92,34,0,"2031-05-31T20:00:00.000Z"
37,16,0,"2030-09-25T20:00:00.000Z"
93,67,20000,"2031-08-28T20:00:00.000Z"
94,15,20000,"2030-07-05T20:00:00.000Z"
95,73,120000,"2031-03-15T20:00:00.000Z"
40,5,250000,"2031-09-28T20:00:00.000Z"
16,49,50000,"2031-06-17T20:00:00.000Z"
47,93,20000,"2031-02-15T20:00:00.000Z"
36,68,20000,"2031-04-20T20:00:00.000Z"
63,7,50000,"2030-11-10T20:00:00.000Z"
5,54,250000,"2031-12-06T20:00:00.000Z"
15,56,250000,"2031-02-27T20:00:00.000Z"
93,59,0,"2031-05-15T20:00:00.000Z"
42,82,75000,"2031-06-18T20:00:00.000Z"
65,55,0,"2031-06-25T20:00:00.000Z"
69,32,20000,"2030-11-02T20:00:00.000Z"
84,26,120000,"2030-10-05T20:00:00.000Z"
96,25,0,"2031-05-16T20:00:00.000Z"
56,71,0,"2031-08-15T20:00:00.000Z"
33,34,20000,"2031-02-14T20:00:00.000Z"
95,4,20000,"2031-07-02T20:00:00.000Z"
58,69,250000,"2031-08-06T20:00:00.000Z"
25,74,120000,"2030-05-19T20:00:00.000Z"
9,68,0,"2030-12-13T20:00:00.000Z"
13,80,250000,"2031-09-20T20:00:00.000Z"
7,93,250000,"2031-09-04T20:00:00.000Z"
32,96,0,"2031-01-16T20:00:00.000Z"
10,37,50000,"2030-03-28T20:00:00.000Z"
55,6,20000,"2030-07-17T20:00:00.000Z"
99,28,0,"2030-09-27T20:00:00.000Z"
85,36,250000,"2031-09-23T20:00:00.000Z"
94,50,50000,"2030-12-14T20:00:00.000Z"
5,3,120000,"2031-02-06T20:00:00.000Z"
0,62,250000,"2030-07-03T20:00:00.000Z"
72,62,0,"2030-04-20T20:00:00.000Z"
90,28,50000,"2030-07-14T20:00:00.000Z"
36,65,35000,"2030-02-06T20:00:00.000Z"
13,49,75000,"2030-08-14T20:00:00.000Z"
89,22,0,"2031-03-18T20:00:00.000Z"
35,6,250000,"2030-08-14T20:00:00.000Z"
50,70,250000,"2030-05-31T20:00:00.000Z"
13,10,35000,"2031-08-23T20:00:00.000Z"
76,48,120000,"2031-03-19T20:00:00.000Z"
0,47,20000,"2030-06-22T20:00:00.000Z"
6,81,75000,"2030-08-17T20:00:00.000Z"
77,45,0,"2030-05-16T20:00:00.000Z"
42,64,75000,"2031-12-22T20:00:00.000Z"
24,39,35000,"2031-11-23T20:00:00.000Z"
49,58,250000,"2031-11-29T20:00:00.000Z"
15,38,75000,"2030-07-09T20:00:00.000Z"
1,90,250000,"2031-07-19T20:00:00.000Z"
48,10,0,"2030-09-15T20:00:00.000Z"
44,58,120000,"2031-05-24T20:00:00.000Z"
3,60,75000,"2030-05-09T20:00:00.000Z"
2,47,120000,"2031-03-17T20:00:00.000Z"
39,28,250000,"2031-04-03T20:00:00.000Z"
7,46,250000,"2030-12-06T20:00:00.000Z"
10,79,0,"2031-06-18T20:00:00.000Z"
61,70,50000,"2030-10-13T20:00:00.000Z"
27,10,50000,"2030-03-27T20:00:00.000Z"
35,99,75000,"2030-07-05T20:00:00.000Z"
35,62,120000,"2030-03-26T20:00:00.000Z"
90,7,50000,"2031-08-22T20:00:00.000Z"
36,29,50000,"2031-03-11T20:00:00.000Z"
38,13,50000,"2031-03-25T20:00:00.000Z"
33,87,0,"2030-06-10T20:00:00.000Z"
29,27,75000,"2030-02-07T20:00:00.000Z"
12,18,50000,"2030-04-02T20:00:00.000Z"
71,10,120000,"2030-08-29T20:00:00.000Z"
51,45,120000,"2030-11-27T20:00:00.000Z"
81,30,0,"2031-12-13T20:00:00.000Z"
58,76,20000,"2030-08-19T20:00:00.000Z"
65,41,50000,"2031-07-23T20:00:00.000Z"
53,47,120000,"2030-05-28T20:00:00.000Z"
36,49,120000,"2030-06-26T20:00:00.000Z"
62,78,35000,"2030-04-17T20:00:00.000Z"
55,97,75000,"2031-06-16T20:00:00.000Z"
59,31,120000,"2030-08-31T20:00:00.000Z"
10,56,250000,"2030-08-14T20:00:00.000Z"
29,77,75000,"2030-09-08T20:00:00.000Z"
18,13,120000,"2031-05-31T20:00:00.000Z"
70,68,50000,"2031-09-12T20:00:00.000Z"
69,74,50000,"2030-10-11T20:00:00.000Z"
16,14,35000,"2030-03-04T20:00:00.000Z"
95,71,35000,"2031-05-02T20:00:00.000Z"
3,68,0,"2030-12-12T20:00:00.000Z"
68,75,120000,"2031-08-28T20:00:00.000Z"
57,19,20000,"2030-10-30T20:00:00.000Z"
33,13,75000,"2031-01-18T20:00:00.000Z"
19,87,20000,"2030-02-19T20:00:00.000Z"
75,94,120000,"2031-07-15T20:00:00.000Z"
98,24,35000,"2031-11-20T20:00:00.000Z"
8,42,75000,"2031-05-24T20:00:00.000Z"
57,31,75000,"2030-07-31T20:00:00.000Z"
6,30,75000,"2031-03-16T20:00:00.000Z"
30,64,0,"2030-10-16T20:00:00.000Z"
58,28,50000,"2031-06-16T20:00:00.000Z"
66,66,20000,"2030-06-09T20:00:00.000Z"
57,53,35000,"2031-03-12T20:00:00.000Z"
15,86,50000,"2031-12-15T20:00:00.000Z"
18,20,0,"2031-07-28T20:00:00.000Z"
32,20,120000,"2031-07-17T20:00:00.000Z"
32,12,50000,"2030-12-10T20:00:00.000Z"
22,52,50000,"2030-07-31T20:00:00.000Z"
46,45,120000,"2030-07-22T20:00:00.000Z"
12,95,50000,"2030-11-18T20:00:00.000Z"
77,43,50000,"2031-10-19T20:00:00.000Z"
55,50,120000,"2030-12-29T20:00:00.000Z"
57,20,75000,"2030-08-20T20:00:00.000Z"
66,64,35000,"2031-04-13T20:00:00.000Z"
10,69,75000,"2030-06-03T20:00:00.000Z"
88,97,250000,"2030-06-21T20:00:00.000Z"
56,54,50000,"2030-11-03T20:00:00.000Z"
88,89,20000,"2030-12-19T20:00:00.000Z"
54,12,75000,"2031-05-13T20:00:00.000Z"
91,46,0,"2031-10-23T20:00:00.000Z"
66,57,50000,"2031-12-07T20:00:00.000Z"
35,18,50000,"2030-05-25T20:00:00.000Z"
64,96,120000,"2030-11-25T20:00:00.000Z"
67,92,20000,"2031-01-03T20:00:00.000Z"
60,45,50000,"2031-09-20T20:00:00.000Z"
61,93,0,"2031-06-05T20:00:00.000Z"
65,56,50000,"2031-07-11T20:00:00.000Z"
77,80,35000,"2031-09-25T20:00:00.000Z"
92,48,250000,"2031-11-23T20:00:00.000Z"
45,60,250000,"2030-09-19T20:00:00.000Z"
76,42,35000,"2031-07-08T20:00:00.000Z"
79,6,120000,"2031-02-01T20:00:00.000Z"
32,11,0,"2031-06-09T20:00:00.000Z"
27,74,35000,"2030-05-23T20:00:00.000Z"
46,26,75000,"2031-10-15T20:00:00.000Z"
51,32,50000,"2030-04-08T20:00:00.000Z"
92,10,75000,"2031-07-14T20:00:00.000Z"
35,0,250000,"2031-06-16T20:00:00.000Z"
84,7,50000,"2031-03-12T20:00:00.000Z"
29,85,75000,"2031-10-19T20:00:00.000Z"
59,46,35000,"2030-11-25T20:00:00.000Z"
19,28,50000,"2031-01-17T20:00:00.000Z"
89,20,35000,"2031-06-15T20:00:00.000Z"
34,63,20000,"2031-01-12T20:00:00.000Z"
28,63,35000,"2030-09-11T20:00:00.000Z"
79,72,250000,"2031-02-25T20:00:00.000Z"
84,41,0,"2030-07-23T20:00:00.000Z"
4,49,75000,"2030-08-27T20:00:00.000Z"
32,45,35000,"2031-10-07T20:00:00.000Z"
99,78,120000,"2030-02-20T20:00:00.000Z"
45,92,50000,"2031-07-11T20:00:00.000Z"
27,8,35000,"2030-03-31T20:00:00.000Z"
72,29,120000,"2031-11-21T20:00:00.000Z"
80,35,0,"2031-06-22T20:00:00.000Z"
32,48,120000,"2031-12-15T20:00:00.000Z"
72,98,250000,"2031-03-15T20:00:00.000Z"
51,6,75000,"2030-09-09T20:00:00.000Z"
65,73,75000,"2031-05-25T20:00:00.000Z"
23,45,250000,"2030-11-18T20:00:00.000Z"
18,77,75000,"2030-02-21T20:00:00.000Z"
3,30,50000,"2030-09-16T20:00:00.000Z"
77,77,250000,"2031-06-30T20:00:00.000Z"
40,83,75000,"2031-10-03T20:00:00.000Z"
87,6,35000,"2031-06-30T20:00:00.000Z"
26,26,20000,"2030-10-28T20:00:00.000Z"
46,87,0,"2030-03-12T20:00:00.000Z"
88,35,0,"2030-02-09T20:00:00.000Z"
76,59,75000,"2031-04-25T20:00:00.000Z"
9,92,50000,"2031-02-28T20:00:00.000Z"
41,11,50000,"2031-07-06T20:00:00.000Z"
78,51,250000,"2031-11-18T20:00:00.000Z"
84,26,250000,"2031-10-13T20:00:00.000Z"
71,7,35000,"2030-04-29T20:00:00.000Z"
3,24,50000,"2030-10-17T20:00:00.000Z"
65,68,75000,"2031-07-02T20:00:00.000Z"
51,19,0,"2030-10-14T20:00:00.000Z"
84,39,50000,"2030-05-02T20:00:00.000Z"
75,78,0,"2031-02-18T20:00:00.000Z"
74,10,0,"2030-03-18T20:00:00.000Z"
81,84,35000,"2030-08-29T20:00:00.000Z"
10,49,75000,"2031-12-05T20:00:00.000Z"
32,11,250000,"2031-01-09T20:00:00.000Z"
35,2,120000,"2031-05-24T20:00:00.000Z"
78,99,35000,"2031-08-08T20:00:00.000Z"
30,0,20000,"2031-10-26T20:00:00.000Z"
15,45,50000,"2031-03-13T20:00:00.000Z"
13,70,75000,"2030-02-26T20:00:00.000Z"
78,87,75000,"2030-10-31T20:00:00.000Z"
75,57,35000,"2031-06-12T20:00:00.000Z"
61,3,75000,"2031-11-10T20:00:00.000Z"
39,49,120000,"2031-08-28T20:00:00.000Z"
75,17,20000,"2031-05-01T20:00:00.000Z"
58,3,120000,"2030-05-14T20:00:00.000Z"
32,5,20000,"2031-11-07T20:00:00.000Z"
40,90,50000,"2031-02-03T20:00:00.000Z"
59,14,35000,"2031-06-07T20:00:00.000Z"
5,36,50000,"2031-03-12T20:00:00.000Z"
50,82,35000,"2031-08-29T20:00:00.000Z"
74,68,250000,"2030-02-14T20:00:00.000Z"
42,66,0,"2031-08-21T20:00:00.000Z"
87,80,20000,"2031-01-24T20:00:00.000Z"
26,78,250000,"2030-08-21T20:00:00.000Z"
56,84,75000,"2030-04-08T20:00:00.000Z"
91,25,20000,"2031-11-13T20:00:00.000Z"
48,90,0,"2030-05-29T20:00:00.000Z"
93,57,50000,"2031-12-10T20:00:00.000Z"
95,74,0,"2030-02-28T20:00:00.000Z"
61,19,20000,"2030-08-17T20:00:00.000Z"
41,62,120000,"2030-03-02T20:00:00.000Z"
33,10,250000,"2030-03-01T20:00:00.000Z"
20,15,75000,"2030-06-19T20:00:00.000Z"
23,53,250000,"2031-10-26T20:00:00.000Z"
58,30,35000,"2030-12-24T20:00:00.000Z"
15,62,75000,"2031-08-09T20:00:00.000Z"
15,31,250000,"2031-02-08T20:00:00.000Z"
98,22,20000,"2030-07-03T20:00:00.000Z"
56,83,35000,"2030-06-01T20:00:00.000Z"
21,75,120000,"2030-06-03T20:00:00.000Z"
49,99,35000,"2030-06-08T20:00:00.000Z"
87,10,0,"2031-03-24T20:00:00.000Z"
97,64,120000,"2031-09-22T20:00:00.000Z"
77,58,0,"2030-10-15T20:00:00.000Z"
6,55,50000,"2030-02-25T20:00:00.000Z"
2,0,35000,"2031-11-01T20:00:00.000Z"
73,79,75000,"2031-06-26T20:00:00.000Z"
89,72,250000,"2030-09-22T20:00:00.000Z"
18,2,250000,"2030-08-16T20:00:00.000Z"
98,82,20000,"2030-04-23T20:00:00.000Z"
38,3,250000,"2030-04-13T20:00:00.000Z"
69,34,20000,"2030-11-06T20:00:00.000Z"
96,15,0,"2031-12-18T20:00:00.000Z"
4,55,120000,"2031-08-10T20:00:00.000Z"
41,86,50000,"2031-11-12T20:00:00.000Z"
71,27,50000,"2031-08-11T20:00:00.000Z"
59,44,250000,"2031-04-11T20:00:00.000Z"
53,34,250000,"2031-06-21T20:00:00.000Z"
57,60,75000,"2030-10-19T20:00:00.000Z"
17,4,20000,"2030-07-18T20:00:00.000Z"
71,28,0,"2031-05-28T20:00:00.000Z"
18,62,250000,"2030-12-05T20:00:00.000Z"
17,44,20000,"2030-10-21T20:00:00.000Z"
33,93,250000,"2031-01-04T20:00:00.000Z"
64,94,75000,"2030-07-03T20:00:00.000Z"
34,7,75000,"2031-08-17T20:00:00.000Z"
41,50,250000,"2030-06-30T20:00:00.000Z"
78,8,120000,"2031-10-10T20:00:00.000Z"
76,67,20000,"2030-10-18T20:00:00.000Z"
40,76,250000,"2031-02-28T20:00:00.000Z"
67,92,0,"2030-03-19T20:00:00.000Z"
75,50,75000,"2031-12-01T20:00:00.000Z"
80,74,250000,"2031-12-19T20:00:00.000Z"
4,18,120000,"2031-10-21T20:00:00.000Z"
85,88,0,"2031-03-08T20:00:00.000Z"
42,15,75000,"2031-12-01T20:00:00.000Z"
14,53,50000,"2030-05-03T20:00:00.000Z"
52,28,250000,"2030-02-09T20:00:00.000Z"
64,71,120000,"2030-11-02T20:00:00.000Z"
27,3,35000,"2030-11-19T20:00:00.000Z"
14,58,120000,"2031-06-11T20:00:00.000Z"
8,60,75000,"2031-05-20T20:00:00.000Z"
89,92,75000,"2031-07-31T20:00:00.000Z"
33,19,20000,"2031-06-29T20:00:00.000Z"
44,62,75000,"2031-12-07T20:00:00.000Z"
15,25,250000,"2031-08-08T20:00:00.000Z"
88,25,0,"2030-05-03T20:00:00.000Z"
54,84,120000,"2031-06-12T20:00:00.000Z"
29,69,50000,"2030-04-01T20:00:00.000Z"
75,4,120000,"2031-12-03T20:00:00.000Z"
64,80,20000,"2031-02-26T20:00:00.000Z"
5,40,75000,"2030-05-03T20:00:00.000Z"
85,18,0,"2031-07-11T20:00:00.000Z"
75,50,20000,"2030-02-23T20:00:00.000Z"
27,99,0,"2030-12-12T20:00:00.000Z"
54,53,50000,"2030-09-11T20:00:00.000Z"
48,85,0,"2031-06-02T20:00:00.000Z"
18,96,20000,"2031-06-03T20:00:00.000Z"
27,73,50000,"2030-02-18T20:00:00.000Z"
49,25,0,"2031-06-05T20:00:00.000Z"
11,98,35000,"2030-08-07T20:00:00.000Z"
60,63,75000,"2030-02-09T20:00:00.000Z"
79,39,250000,"2031-10-29T20:00:00.000Z"
56,96,0,"2030-10-14T20:00:00.000Z"
49,34,50000,"2030-02-04T20:00:00.000Z"
32,61,35000,"2031-12-25T20:00:00.000Z"
3,93,120000,"2031-05-24T20:00:00.000Z"
86,49,20000,"2031-04-21T20:00:00.000Z"
56,31,20000,"2030-06-06T20:00:00.000Z"
80,1,0,"2030-05-15T20:00:00.000Z"
48,93,250000,"2030-12-18T20:00:00.000Z"
24,23,0,"2031-04-08T20:00:00.000Z"
71,94,20000,"2030-10-21T20:00:00.000Z"
92,98,35000,"2030-03-25T20:00:00.000Z"
26,65,0,"2030-11-27T20:00:00.000Z"
69,12,50000,"2031-07-26T20:00:00.000Z"
12,98,0,"2030-03-02T20:00:00.000Z"
30,78,75000,"2031-12-30T20:00:00.000Z"
44,10,250000,"2030-12-05T20:00:00.000Z"
54,75,120000,"2030-12-31T20:00:00.000Z"
7,98,35000,"2030-03-14T20:00:00.000Z"
61,84,35000,"2030-09-20T20:00:00.000Z"
35,12,0,"2031-02-19T20:00:00.000Z"
86,41,50000,"2031-03-17T20:00:00.000Z"
27,31,75000,"2030-08-30T20:00:00.000Z"
87,83,20000,"2030-07-31T20:00:00.000Z"
89,41,50000,"2031-03-16T20:00:00.000Z"
74,16,250000,"2031-12-27T20:00:00.000Z"
12,27,0,"2030-06-19T20:00:00.000Z"
80,72,35000,"2030-08-12T20:00:00.000Z"
81,62,35000,"2031-06-18T20:00:00.000Z"
58,89,35000,"2030-06-16T20:00:00.000Z"
9,12,120000,"2030-08-26T20:00:00.000Z"
9,83,35000,"2031-07-24T20:00:00.000Z"
9,39,75000,"2030-02-11T20:00:00.000Z"
44,38,75000,"2031-09-19T20:00:00.000Z"
97,16,120000,"2031-08-30T20:00:00.000Z"
75,91,50000,"2031-03-05T20:00:00.000Z"
19,43,120000,"2030-02-04T20:00:00.000Z"
36,36,120000,"2030-10-05T20:00:00.000Z"
22,77,0,"2030-07-25T20:00:00.000Z"
39,20,0,"2031-01-24T20:00:00.000Z"
40,58,250000,"2030-07-21T20:00:00.000Z"
61,59,35000,"2030-10-23T20:00:00.000Z"
29,50,250000,"2031-09-23T20:00:00.000Z"
56,49,120000,"2030-02-07T20:00:00.000Z"
14,86,35000,"2031-10-03T20:00:00.000Z"
7,90,75000,"2030-12-18T20:00:00.000Z"
89,12,20000,"2030-08-19T20:00:00.000Z"
3,15,0,"2031-03-30T20:00:00.000Z"
26,53,35000,"2030-06-03T20:00:00.000Z"
50,25,20000,"2031-02-15T20:00:00.000Z"
35,68,75000,"2030-04-21T20:00:00.000Z"
13,27,20000,"2031-02-12T20:00:00.000Z"
38,20,50000,"2030-05-23T20:00:00.000Z"
88,82,75000,"2031-02-21T20:00:00.000Z"
90,56,0,"2030-11-14T20:00:00.000Z"
7,63,250000,"2030-09-05T20:00:00.000Z"
17,83,250000,"2030-04-12T20:00:00.000Z"
72,7,75000,"2031-11-29T20:00:00.000Z"
99,57,50000,"2030-08-28T20:00:00.000Z"
22,85,75000,"2030-07-16T20:00:00.000Z"
71,81,75000,"2030-04-21T20:00:00.000Z"
32,74,75000,"2030-09-05T20:00:00.000Z"
63,98,120000,"2031-01-31T20:00:00.000Z"
43,37,35000,"2030-02-19T20:00:00.000Z"
73,4,20000,"2031-06-12T20:00:00.000Z"
18,2,75000,"2031-09-23T20:00:00.000Z"
64,59,250000,"2030-02-03T20:00:00.000Z"
38,59,120000,"2030-09-18T20:00:00.000Z"
0,1,50000,"2030-10-12T20:00:00.000Z"
22,52,0,"2030-03-09T20:00:00.000Z"
4,79,120000,"2030-11-16T20:00:00.000Z"
84,86,250000,"2030-08-29T20:00:00.000Z"
59,79,20000,"2030-03-23T20:00:00.000Z"
15,36,50000,"2030-05-13T20:00:00.000Z"
30,64,20000,"2031-06-18T20:00:00.000Z"
2,61,120000,"2030-06-01T20:00:00.000Z"
21,18,120000,"2031-11-10T20:00:00.000Z"
75,27,75000,"2031-07-03T20:00:00.000Z"
67,92,20000,"2031-07-19T20:00:00.000Z"
87,36,20000,"2031-08-22T20:00:00.000Z"
50,69,50000,"2031-05-06T20:00:00.000Z"
21,60,0,"2030-10-03T20:00:00.000Z"
53,18,0,"2031-08-26T20:00:00.000Z"
37,81,0,"2030-08-11T20:00:00.000Z"
38,68,120000,"2030-07-01T20:00:00.000Z"
41,41,250000,"2031-12-13T20:00:00.000Z"
64,82,0,"2030-05-12T20:00:00.000Z"
90,90,75000,"2030-10-26T20:00:00.000Z"
30,37,20000,"2030-09-13T20:00:00.000Z"
27,52,120000,"2031-04-25T20:00:00.000Z"
50,15,20000,"2031-03-03T20:00:00.000Z"
48,85,50000,"2030-08-13T20:00:00.000Z"
61,92,75000,"2030-02-23T20:00:00.000Z"
2,58,75000,"2031-12-27T20:00:00.000Z"
63,44,0,"2030-02-13T20:00:00.000Z"
15,26,75000,"2031-12-19T20:00:00.000Z"
87,49,0,"2030-09-05T20:00:00.000Z"
56,15,35000,"2031-09-03T20:00:00.000Z"
93,1,120000,"2030-04-26T20:00:00.000Z"
24,14,120000,"2031-12-07T20:00:00.000Z"
11,30,0,"2031-03-07T20:00:00.000Z"
73,72,250000,"2031-05-22T20:00:00.000Z"
93,26,50000,"2031-07-01T20:00:00.000Z"
68,99,75000,"2031-06-11T20:00:00.000Z"
19,70,120000,"2030-08-03T20:00:00.000Z"
66,81,250000,"2030-10-15T20:00:00.000Z"
15,75,120000,"2031-02-09T20:00:00.000Z"
35,87,50000,"2030-08-03T20:00:00.000Z"
12,24,50000,"2030-11-17T20:00:00.000Z"
3,1,35000,"2031-02-27T20:00:00.000Z"
38,26,75000,"2031-02-17T20:00:00.000Z"
36,43,0,"2031-08-22T20:00:00.000Z"
33,70,120000,"2030-06-25T20:00:00.000Z"
46,7,0,"2030-10-01T20:00:00.000Z"
3,86,250000,"2031-07-03T20:00:00.000Z"
36,0,35000,"2030-07-15T20:00:00.000Z"
1,19,0,"2031-02-09T20:00:00.000Z"
73,91,35000,"2031-08-10T20:00:00.000Z"
41,96,250000,"2031-03-11T20:00:00.000Z"
89,65,20000,"2031-05-18T20:00:00.000Z"
42,18,250000,"2031-03-01T20:00:00.000Z"
18,77,250000,"2031-01-19T20:00:00.000Z"
5,37,50000,"2031-03-06T20:00:00.000Z"
64,24,75000,"2030-04-04T20:00:00.000Z"
20,59,75000,"2030-08-27T20:00:00.000Z"
96,16,20000,"2030-06-10T20:00:00.000Z"
3,38,0,"2031-09-21T20:00:00.000Z"
80,50,35000,"2031-09-01T20:00:00.000Z"
67,85,250000,"2030-05-08T20:00:00.000Z"
37,1,20000,"2030-06-28T20:00:00.000Z"
25,80,50000,"2031-07-06T20:00:00.000Z"
37,8,0,"2030-06-01T20:00:00.000Z"
18,93,120000,"2030-12-16T20:00:00.000Z"
18,72,20000,"2030-06-07T20:00:00.000Z"
81,5,0,"2030-08-26T20:00:00.000Z"
45,61,50000,"2031-11-14T20:00:00.000Z"
38,44,35000,"2030-05-06T20:00:00.000Z"
92,18,120000,"2031-01-05T20:00:00.000Z"
26,19,120000,"2031-10-03T20:00:00.000Z"
59,77,0,"2031-12-13T20:00:00.000Z"
55,68,120000,"2030-05-21T20:00:00.000Z"
20,86,75000,"2031-09-28T20:00:00.000Z"
93,3,250000,"2031-06-08T20:00:00.000Z"
4,35,0,"2031-08-14T20:00:00.000Z"
91,70,0,"2030-05-12T20:00:00.000Z"
3,90,20000,"2031-12-17T20:00:00.000Z"
27,11,250000,"2030-12-15T20:00:00.000Z"
14,32,120000,"2030-04-22T20:00:00.000Z"
95,35,50000,"2031-11-18T20:00:00.000Z"
13,10,75000,"2031-12-05T20:00:00.000Z"
13,88,20000,"2031-07-29T20:00:00.000Z"
58,88,0,"2030-10-23T20:00:00.000Z"
71,38,0,"2030-05-14T20:00:00.000Z"
24,7,35000,"2031-12-24T20:00:00.000Z"
7,64,0,"2031-10-11T20:00:00.000Z"
71,52,120000,"2030-10-18T20:00:00.000Z"
13,46,120000,"2031-06-21T20:00:00.000Z"
42,23,35000,"2031-09-09T20:00:00.000Z"
72,69,0,"2030-04-12T20:00:00.000Z"
90,11,50000,"2031-07-15T20:00:00.000Z"
31,26,120000,"2031-01-27T20:00:00.000Z"
41,87,75000,"2030-12-13T20:00:00.000Z"
2,35,250000,"2030-12-06T20:00:00.000Z"
81,92,35000,"2031-04-30T20:00:00.000Z"
89,53,120000,"2031-09-06T20:00:00.000Z"
86,28,250000,"2031-01-17T20:00:00.000Z"
60,5,75000,"2030-05-20T20:00:00.000Z"
70,71,50000,"2030-05-27T20:00:00.000Z"
31,14,50000,"2030-02-08T20:00:00.000Z"
73,73,120000,"2031-11-24T20:00:00.000Z"
4,37,20000,"2030-08-31T20:00:00.000Z"
77,82,75000,"2031-12-31T20:00:00.000Z"
15,13,120000,"2031-12-13T20:00:00.000Z"
54,59,35000,"2031-03-26T20:00:00.000Z"
24,10,75000,"2030-09-03T20:00:00.000Z"
46,14,250000,"2031-12-13T20:00:00.000Z"
40,81,0,"2031-08-07T20:00:00.000Z"
72,35,0,"2031-05-28T20:00:00.000Z"
66,31,20000,"2031-02-05T20:00:00.000Z"
75,30,250000,"2031-04-03T20:00:00.000Z"
85,81,35000,"2030-07-21T20:00:00.000Z"
90,73,75000,"2030-11-20T20:00:00.000Z"
70,44,35000,"2031-08-25T20:00:00.000Z"
51,61,250000,"2031-05-30T20:00:00.000Z"
33,11,20000,"2030-11-03T20:00:00.000Z"
24,70,35000,"2031-02-11T20:00:00.000Z"
97,32,250000,"2030-03-24T20:00:00.000Z"
75,21,35000,"2031-08-25T20:00:00.000Z"
6,15,20000,"2030-05-05T20:00:00.000Z"
71,55,120000,"2031-10-17T20:00:00.000Z"
62,24,120000,"2031-09-04T20:00:00.000Z"
1,9,20000,"2031-12-11T20:00:00.000Z"
95,86,0,"2031-07-17T20:00:00.000Z"
45,99,120000,"2031-12-27T20:00:00.000Z"
64,4,0,"2031-08-04T20:00:00.000Z"
60,16,0,"2030-04-02T20:00:00.000Z"
90,75,35000,"2031-02-02T20:00:00.000Z"
5,16,75000,"2031-03-16T20:00:00.000Z"
19,15,250000,"2030-10-31T20:00:00.000Z"
95,32,75000,"2031-03-30T20:00:00.000Z"
16,93,0,"2030-06-27T20:00:00.000Z"
87,74,250000,"2030-06-16T20:00:00.000Z"
91,66,250000,"2030-11-05T20:00:00.000Z"
93,52,0,"2030-02-25T20:00:00.000Z"
58,22,120000,"2031-05-25T20:00:00.000Z"
34,95,20000,"2031-06-11T20:00:00.000Z"
22,36,20000,"2030-11-26T20:00:00.000Z"
14,81,0,"2031-02-03T20:00:00.000Z"
97,18,50000,"2030-12-21T20:00:00.000Z"
32,69,250000,"2031-11-08T20:00:00.000Z"
62,84,75000,"2031-02-09T20:00:00.000Z"
23,43,35000,"2030-11-18T20:00:00.000Z"
38,19,250000,"2030-08-12T20:00:00.000Z"
33,56,20000,"2030-04-21T20:00:00.000Z"
5,54,120000,"2031-07-19T20:00:00.000Z"
22,84,20000,"2031-08-18T20:00:00.000Z"
45,50,0,"2031-04-13T20:00:00.000Z"
96,89,35000,"2031-03-26T20:00:00.000Z"
17,80,20000,"2031-06-15T20:00:00.000Z"
80,80,0,"2030-04-25T20:00:00.000Z"
67,30,35000,"2030-10-03T20:00:00.000Z"
10,89,35000,"2030-08-24T20:00:00.000Z"
65,93,75000,"2030-04-17T20:00:00.000Z"
66,44,120000,"2031-05-09T20:00:00.000Z"
74,78,120000,"2030-06-14T20:00:00.000Z"
29,62,20000,"2030-08-16T20:00:00.000Z"
53,26,120000,"2030-09-30T20:00:00.000Z"
78,31,250000,"2030-06-08T20:00:00.000Z"
87,21,75000,"2030-10-04T20:00:00.000Z"
4,12,50000,"2030-10-22T20:00:00.000Z"
52,23,35000,"2030-03-20T20:00:00.000Z"
75,43,20000,"2030-12-08T20:00:00.000Z"
8,95,75000,"2030-03-09T20:00:00.000Z"
13,44,120000,"2031-05-20T20:00:00.000Z"
28,43,250000,"2031-06-23T20:00:00.000Z"
12,38,250000,"2031-07-31T20:00:00.000Z"
52,59,0,"2030-04-18T20:00:00.000Z"
90,70,20000,"2030-05-08T20:00:00.000Z"
78,69,0,"2030-05-05T20:00:00.000Z"
63,36,50000,"2031-05-03T20:00:00.000Z"
78,94,0,"2031-01-06T20:00:00.000Z"
61,18,20000,"2030-04-30T20:00:00.000Z"
55,8,35000,"2030-03-01T20:00:00.000Z"
62,23,120000,"2030-07-08T20:00:00.000Z"
21,13,35000,"2031-09-19T20:00:00.000Z"
71,33,20000,"2031-12-25T20:00:00.000Z"
9,6,0,"2031-05-29T20:00:00.000Z"
25,58,250000,"2031-11-06T20:00:00.000Z"
22,68,35000,"2030-05-22T20:00:00.000Z"
20,92,75000,"2031-04-06T20:00:00.000Z"
7,47,75000,"2030-10-20T20:00:00.000Z"
89,82,50000,"2031-12-16T20:00:00.000Z"
61,54,20000,"2030-06-14T20:00:00.000Z"
89,99,0,"2031-12-23T20:00:00.000Z"
72,63,0,"2030-02-07T20:00:00.000Z"
38,19,250000,"2030-02-17T20:00:00.000Z"
86,15,50000,"2030-05-04T20:00:00.000Z"
73,2,0,"2031-07-19T20:00:00.000Z"
11,37,35000,"2031-05-31T20:00:00.000Z"
38,88,50000,"2031-04-18T20:00:00.000Z"
47,54,0,"2030-05-03T20:00:00.000Z"
13,91,20000,"2031-08-31T20:00:00.000Z"
49,16,20000,"2030-08-01T20:00:00.000Z"
64,5,35000,"2031-10-10T20:00:00.000Z"
25,33,0,"2031-09-24T20:00:00.000Z"
30,10,75000,"2031-09-10T20:00:00.000Z"
57,9,20000,"2031-09-23T20:00:00.000Z"
37,92,120000,"2031-11-10T20:00:00.000Z"
63,86,75000,"2030-03-22T20:00:00.000Z"
49,60,20000,"2031-09-07T20:00:00.000Z"
83,97,120000,"2031-01-13T20:00:00.000Z"
47,80,20000,"2031-02-20T20:00:00.000Z"
0,21,50000,"2030-06-03T20:00:00.000Z"
38,6,20000,"2031-07-08T20:00:00.000Z"
88,42,20000,"2031-04-10T20:00:00.000Z"
95,20,120000,"2031-07-01T20:00:00.000Z"
99,26,0,"2031-08-09T20:00:00.000Z"
33,83,50000,"2031-12-28T20:00:00.000Z"
72,88,120000,"2031-05-11T20:00:00.000Z"
13,84,0,"2030-07-10T20:00:00.000Z"
81,79,250000,"2030-09-10T20:00:00.000Z"
75,3,75000,"2030-02-23T20:00:00.000Z"
9,71,50000,"2031-04-11T20:00:00.000Z"
6,75,0,"2030-04-01T20:00:00.000Z"
54,51,20000,"2030-12-31T20:00:00.000Z"
36,62,50000,"2031-11-06T20:00:00.000Z"
74,22,50000,"2031-03-29T20:00:00.000Z"
72,33,20000,"2030-07-28T20:00:00.000Z"
47,11,250000,"2031-10-25T20:00:00.000Z"
54,45,250000,"2031-10-11T20:00:00.000Z"
79,78,50000,"2030-11-04T20:00:00.000Z"
45,38,35000,"2030-05-02T20:00:00.000Z"
36,38,120000,"2031-05-28T20:00:00.000Z"
60,30,50000,"2031-10-02T20:00:00.000Z"
2,84,20000,"2030-02-26T20:00:00.000Z"
16,20,250000,"2030-04-18T20:00:00.000Z"
81,20,0,"2031-11-26T20:00:00.000Z"
17,98,250000,"2030-04-28T20:00:00.000Z"
18,0,120000,"2030-10-13T20:00:00.000Z"
71,63,20000,"2030-05-29T20:00:00.000Z"
56,68,0,"2030-10-29T20:00:00.000Z"
42,41,0,"2031-07-03T20:00:00.000Z"
30,10,250000,"2031-03-17T20:00:00.000Z"
20,14,35000,"2030-11-16T20:00:00.000Z"
78,13,50000,"2031-09-22T20:00:00.000Z"
42,60,20000,"2030-07-09T20:00:00.000Z"
2,24,0,"2031-09-11T20:00:00.000Z"
27,85,120000,"2031-04-27T20:00:00.000Z"
40,22,0,"2031-11-06T20:00:00.000Z"
48,79,250000,"2030-03-21T20:00:00.000Z"
87,89,20000,"2031-07-17T20:00:00.000Z"
42,62,120000,"2031-11-10T20:00:00.000Z"
39,96,35000,"2030-11-20T20:00:00.000Z"
39,49,120000,"2030-08-27T20:00:00.000Z"
64,89,75000,"2030-02-21T20:00:00.000Z"
35,12,75000,"2030-05-08T20:00:00.000Z"
15,83,50000,"2030-02-20T20:00:00.000Z"
81,54,120000,"2030-02-26T20:00:00.000Z"
63,60,35000,"2031-12-02T20:00:00.000Z"
22,87,35000,"2031-02-19T20:00:00.000Z"
72,78,120000,"2031-08-30T20:00:00.000Z"
51,16,250000,"2030-03-31T20:00:00.000Z"
98,86,20000,"2030-02-18T20:00:00.000Z"
3,31,20000,"2030-10-17T20:00:00.000Z"
19,36,250000,"2031-09-12T20:00:00.000Z"
75,3,50000,"2030-12-20T20:00:00.000Z"
2,14,75000,"2030-12-24T20:00:00.000Z"
85,87,0,"2030-09-16T20:00:00.000Z"
95,70,35000,"2031-04-26T20:00:00.000Z"
53,34,120000,"2031-12-18T20:00:00.000Z"
53,56,75000,"2031-08-25T20:00:00.000Z"
20,4,120000,"2030-06-23T20:00:00.000Z"
0,66,35000,"2031-10-08T20:00:00.000Z"
96,88,35000,"2031-08-17T20:00:00.000Z"
9,95,75000,"2030-12-28T20:00:00.000Z"
35,39,0,"2030-12-03T20:00:00.000Z"
30,84,250000,"2031-09-15T20:00:00.000Z"
53,5,75000,"2030-02-09T20:00:00.000Z"
37,92,0,"2030-08-11T20:00:00.000Z"
61,69,50000,"2031-04-27T20:00:00.000Z"
9,63,50000,"2030-03-09T20:00:00.000Z"
44,98,35000,"2030-05-26T20:00:00.000Z"
45,96,120000,"2030-03-03T20:00:00.000Z"
64,94,35000,"2030-06-25T20:00:00.000Z"
12,32,35000,"2031-08-04T20:00:00.000Z"
92,56,0,"2031-09-21T20:00:00.000Z"
15,41,250000,"2030-05-28T20:00:00.000Z"
79,43,120000,"2031-09-05T20:00:00.000Z"
7,14,35000,"2031-05-12T20:00:00.000Z"
52,50,75000,"2030-08-17T20:00:00.000Z"
30,63,35000,"2030-05-12T20:00:00.000Z"
42,82,75000,"2030-04-12T20:00:00.000Z"
80,31,120000,"2030-06-29T20:00:00.000Z"
45,42,75000,"2031-08-25T20:00:00.000Z"
10,99,50000,"2030-05-19T20:00:00.000Z"
15,18,75000,"2030-03-08T20:00:00.000Z"
65,11,75000,"2030-11-13T20:00:00.000Z"
85,87,250000,"2031-02-16T20:00:00.000Z"
41,95,20000,"2031-04-13T20:00:00.000Z"
24,8,0,"2031-06-21T20:00:00.000Z"
81,96,75000,"2030-08-03T20:00:00.000Z"
17,43,120000,"2031-09-18T20:00:00.000Z"
4,14,75000,"2031-08-01T20:00:00.000Z"
87,63,20000,"2031-06-25T20:00:00.000Z"
59,46,120000,"2030-10-15T20:00:00.000Z"
41,77,35000,"2031-12-10T20:00:00.000Z"
12,39,75000,"2030-07-09T20:00:00.000Z"
47,55,50000,"2031-08-26T20:00:00.000Z"
72,46,35000,"2030-12-22T20:00:00.000Z"
49,67,120000,"2031-02-20T20:00:00.000Z"
36,85,20000,"2031-01-08T20:00:00.000Z"
2,23,75000,"2030-11-28T20:00:00.000Z"
73,13,250000,"2030-02-08T20:00:00.000Z"
51,16,75000,"2030-07-04T20:00:00.000Z"
37,98,20000,"2031-03-19T20:00:00.000Z"
33,80,75000,"2030-08-08T20:00:00.000Z"
16,1,120000,"2031-07-01T20:00:00.000Z"
12,49,20000,"2030-05-15T20:00:00.000Z"
2,65,35000,"2031-03-31T20:00:00.000Z"
44,19,250000,"2031-09-25T20:00:00.000Z"
99,7,250000,"2030-06-26T20:00:00.000Z"
79,26,120000,"2031-03-29T20:00:00.000Z"
67,22,120000,"2030-07-13T20:00:00.000Z"
85,19,20000,"2030-04-16T20:00:00.000Z"
85,81,250000,"2030-11-01T20:00:00.000Z"
12,48,20000,"2031-01-30T20:00:00.000Z"
56,56,50000,"2030-10-03T20:00:00.000Z"
85,51,0,"2031-09-29T20:00:00.000Z"
39,27,35000,"2030-06-29T20:00:00.000Z"
20,57,50000,"2030-03-15T20:00:00.000Z"
9,15,0,"2031-03-09T20:00:00.000Z"
87,84,250000,"2031-01-14T20:00:00.000Z"
57,11,75000,"2030-04-30T20:00:00.000Z"
87,51,20000,"2030-06-06T20:00:00.000Z"
12,12,120000,"2031-09-07T20:00:00.000Z"
76,93,0,"2030-12-02T20:00:00.000Z"
0,69,50000,"2031-05-15T20:00:00.000Z"
6,84,75000,"2030-06-06T20:00:00.000Z"
31,33,50000,"2031-11-06T20:00:00.000Z"
10,63,75000,"2031-07-09T20:00:00.000Z"
20,13,75000,"2030-02-24T20:00:00.000Z"
8,73,0,"2030-08-17T20:00:00.000Z"
40,41,50000,"2030-03-12T20:00:00.000Z"
52,97,75000,"2031-06-03T20:00:00.000Z"
98,35,35000,"2031-04-08T20:00:00.000Z"
97,8,75000,"2030-06-10T20:00:00.000Z"
55,83,250000,"2030-12-22T20:00:00.000Z"
4,21,120000,"2030-09-03T20:00:00.000Z"
69,15,35000,"2031-03-23T20:00:00.000Z"
78,53,50000,"2031-04-14T20:00:00.000Z"
66,98,0,"2031-11-01T20:00:00.000Z"
33,91,120000,"2031-11-05T20:00:00.000Z"
57,26,35000,"2031-01-01T20:00:00.000Z"
89,58,35000,"2031-11-22T20:00:00.000Z"
65,22,20000,"2030-08-26T20:00:00.000Z"
5,99,250000,"2031-07-19T20:00:00.000Z"
5,44,50000,"2031-05-23T20:00:00.000Z"
33,59,0,"2031-04-27T20:00:00.000Z"
78,94,250000,"2030-06-09T20:00:00.000Z"
17,79,35000,"2031-01-23T20:00:00.000Z"
7,46,20000,"2030-03-24T20:00:00.000Z"
10,90,20000,"2031-12-04T20:00:00.000Z"
99,62,0,"2030-11-01T20:00:00.000Z"
29,15,120000,"2031-09-15T20:00:00.000Z"
40,28,20000,"2031-02-24T20:00:00.000Z"
44,84,35000,"2030-11-18T20:00:00.000Z"
19,90,20000,"2031-02-14T20:00:00.000Z"
90,44,250000,"2030-02-15T20:00:00.000Z"
90,0,120000,"2031-04-04T20:00:00.000Z"
19,84,0,"2030-10-27T20:00:00.000Z"
56,63,35000,"2031-04-10T20:00:00.000Z"
76,64,75000,"2030-11-25T20:00:00.000Z"
91,99,50000,"2031-10-04T20:00:00.000Z"
11,47,250000,"2031-05-07T20:00:00.000Z"
90,97,75000,"2031-02-20T20:00:00.000Z"
18,42,20000,"2030-05-11T20:00:00.000Z"
51,93,0,"2031-05-28T20:00:00.000Z"
12,50,0,"2030-02-03T20:00:00.000Z"
90,39,20000,"2031-07-03T20:00:00.000Z"
30,17,250000,"2031-01-26T20:00:00.000Z"
85,88,120000,"2031-05-20T20:00:00.000Z"
69,96,0,"2031-06-27T20:00:00.000Z"
50,80,250000,"2031-05-10T20:00:00.000Z"
49,9,0,"2031-06-08T20:00:00.000Z"
46,34,0,"2030-08-26T20:00:00.000Z"
13,22,0,"2030-07-24T20:00:00.000Z"
15,55,0,"2030-11-08T20:00:00.000Z"
56,22,20000,"2030-08-03T20:00:00.000Z"
56,31,75000,"2030-11-08T20:00:00.000Z"
87,3,75000,"2031-04-18T20:00:00.000Z"
17,53,250000,"2030-07-08T20:00:00.000Z"
16,54,250000,"2031-05-22T20:00:00.000Z"
37,33,50000,"2031-08-22T20:00:00.000Z"
82,61,0,"2030-06-10T20:00:00.000Z"
2,25,35000,"2030-05-12T20:00:00.000Z"
3,2,75000,"2031-12-05T20:00:00.000Z"
44,61,120000,"2031-10-03T20:00:00.000Z"
64,68,50000,"2030-02-01T20:00:00.000Z"
65,85,120000,"2030-12-29T20:00:00.000Z"
34,67,35000,"2030-06-07T20:00:00.000Z"
95,1,250000,"2030-02-06T20:00:00.000Z"
10,55,75000,"2031-02-04T20:00:00.000Z"
79,19,0,"2030-11-07T20:00:00.000Z"
1,59,75000,"2030-03-04T20:00:00.000Z"
1,16,50000,"2030-09-01T20:00:00.000Z"
35,16,50000,"2030-04-25T20:00:00.000Z"
28,93,250000,"2031-02-09T20:00:00.000Z"
1,10,250000,"2030-12-19T20:00:00.000Z"
98,50,20000,"2030-03-05T20:00:00.000Z"
23,18,0,"2031-04-11T20:00:00.000Z"
34,56,120000,"2031-01-07T20:00:00.000Z"
66,70,35000,"2030-04-02T20:00:00.000Z"
82,34,75000,"2030-09-01T20:00:00.000Z"
64,2,50000,"2031-10-30T20:00:00.000Z"
94,48,120000,"2030-11-23T20:00:00.000Z"
97,24,20000,"2031-10-31T20:00:00.000Z"
33,94,20000,"2031-01-01T20:00:00.000Z"
78,93,75000,"2030-12-21T20:00:00.000Z"
10,6,250000,"2031-04-11T20:00:00.000Z"
93,89,250000,"2031-08-15T20:00:00.000Z"
53,56,120000,"2031-10-03T20:00:00.000Z"
52,4,20000,"2031-11-13T20:00:00.000Z"
14,71,35000,"2030-03-05T20:00:00.000Z"
85,27,35000,"2030-03-21T20:00:00.000Z"
94,50,35000,"2030-07-23T20:00:00.000Z"
66,45,50000,"2031-05-24T20:00:00.000Z"
9,92,75000,"2031-10-26T20:00:00.000Z"
63,46,120000,"2030-03-01T20:00:00.000Z"
88,23,50000,"2030-11-02T20:00:00.000Z"
29,28,20000,"2030-10-27T20:00:00.000Z"
93,35,35000,"2030-06-23T20:00:00.000Z"
12,12,0,"2031-04-03T20:00:00.000Z"
82,35,0,"2031-05-25T20:00:00.000Z"
8,70,0,"2031-02-21T20:00:00.000Z"
92,88,120000,"2030-09-17T20:00:00.000Z"
38,49,75000,"2031-08-16T20:00:00.000Z"
66,77,50000,"2031-04-28T20:00:00.000Z"
60,6,35000,"2030-04-22T20:00:00.000Z"
95,66,20000,"2031-03-16T20:00:00.000Z"
6,50,35000,"2030-10-01T20:00:00.000Z"
6,68,0,"2031-01-25T20:00:00.000Z"
61,88,20000,"2031-12-21T20:00:00.000Z"
77,20,120000,"2031-07-28T20:00:00.000Z"
64,81,250000,"2030-07-06T20:00:00.000Z"
76,65,120000,"2031-08-13T20:00:00.000Z"
42,98,0,"2031-04-01T20:00:00.000Z"
41,40,250000,"2031-07-20T20:00:00.000Z"
80,87,120000,"2030-07-15T20:00:00.000Z"
86,70,0,"2031-09-18T20:00:00.000Z"
15,47,20000,"2031-02-09T20:00:00.000Z"
39,65,0,"2030-02-18T20:00:00.000Z"
69,1,35000,"2031-03-10T20:00:00.000Z"
15,32,120000,"2030-11-17T20:00:00.000Z"
6,88,0,"2031-12-20T20:00:00.000Z"
11,85,35000,"2030-07-02T20:00:00.000Z"
28,47,35000,"2030-10-21T20:00:00.000Z"
44,61,0,"2030-06-19T20:00:00.000Z"
90,19,120000,"2030-11-04T20:00:00.000Z"
12,51,20000,"2031-07-03T20:00:00.000Z"
63,48,0,"2030-08-15T20:00:00.000Z"
86,27,75000,"2030-12-05T20:00:00.000Z"
15,90,120000,"2030-02-05T20:00:00.000Z"
43,80,0,"2030-08-29T20:00:00.000Z"
27,31,50000,"2030-02-02T20:00:00.000Z"
16,67,50000,"2030-12-16T20:00:00.000Z"
41,7,35000,"2030-11-10T20:00:00.000Z"
86,59,20000,"2030-12-29T20:00:00.000Z"
41,34,250000,"2031-10-18T20:00:00.000Z"
3,97,0,"2030-07-03T20:00:00.000Z"
64,41,75000,"2030-04-02T20:00:00.000Z"
32,56,35000,"2030-08-06T20:00:00.000Z"
37,14,20000,"2031-01-13T20:00:00.000Z"
41,12,120000,"2031-10-28T20:00:00.000Z"
54,36,50000,"2030-02-25T20:00:00.000Z"
12,21,0,"2031-05-20T20:00:00.000Z"
80,49,120000,"2030-04-21T20:00:00.000Z"
84,95,0,"2031-01-02T20:00:00.000Z"
82,8,20000,"2030-08-07T20:00:00.000Z"
30,96,0,"2030-07-31T20:00:00.000Z"
2,49,50000,"2030-10-19T20:00:00.000Z"
69,24,75000,"2030-07-10T20:00:00.000Z"
51,60,35000,"2030-11-11T20:00:00.000Z"
95,20,0,"2031-05-24T20:00:00.000Z"
38,59,35000,"2031-07-31T20:00:00.000Z"
56,74,35000,"2030-10-01T20:00:00.000Z"
30,82,75000,"2030-07-15T20:00:00.000Z"
49,34,120000,"2030-09-02T20:00:00.000Z"
48,67,50000,"2030-08-24T20:00:00.000Z"
55,29,120000,"2031-01-09T20:00:00.000Z"
84,59,50000,"2030-08-09T20:00:00.000Z"
1,91,120000,"2031-06-20T20:00:00.000Z"
58,8,120000,"2031-10-04T20:00:00.000Z"
57,86,20000,"2030-09-22T20:00:00.000Z"
3,80,50000,"2030-09-11T20:00:00.000Z"
58,56,250000,"2030-09-22T20:00:00.000Z"
83,74,35000,"2030-03-11T20:00:00.000Z"
65,59,50000,"2030-05-13T20:00:00.000Z"
38,40,20000,"2030-02-22T20:00:00.000Z"
53,20,75000,"2031-10-31T20:00:00.000Z"
64,15,35000,"2031-01-24T20:00:00.000Z"
28,88,20000,"2030-09-28T20:00:00.000Z"
27,49,120000,"2031-01-04T20:00:00.000Z"
81,0,50000,"2030-05-19T20:00:00.000Z"
98,52,120000,"2031-03-29T20:00:00.000Z"
70,45,120000,"2030-03-06T20:00:00.000Z"
31,37,75000,"2031-06-20T20:00:00.000Z"
29,46,250000,"2030-07-31T20:00:00.000Z"
66,76,0,"2031-12-02T20:00:00.000Z"
21,38,250000,"2031-05-13T20:00:00.000Z"
63,60,0,"2030-09-25T20:00:00.000Z"
5,53,35000,"2030-12-28T20:00:00.000Z"
68,60,250000,"2030-02-11T20:00:00.000Z"
50,19,35000,"2030-12-02T20:00:00.000Z"
16,8,0,"2030-02-17T20:00:00.000Z"
70,59,35000,"2031-05-12T20:00:00.000Z"
53,64,35000,"2031-04-03T20:00:00.000Z"
94,93,20000,"2031-12-27T20:00:00.000Z"
2,10,20000,"2030-05-05T20:00:00.000Z"
70,57,75000,"2031-10-12T20:00:00.000Z"
50,36,50000,"2031-01-27T20:00:00.000Z"
93,17,250000,"2031-11-18T20:00:00.000Z"
76,40,75000,"2030-07-29T20:00:00.000Z"
70,99,75000,"2031-11-07T20:00:00.000Z"
0,27,250000,"2030-02-10T20:00:00.000Z"
15,14,250000,"2030-11-03T20:00:00.000Z"
71,24,75000,"2031-07-17T20:00:00.000Z"
77,3,120000,"2031-10-05T20:00:00.000Z"
84,91,20000,"2030-12-22T20:00:00.000Z"
94,75,0,"2031-03-09T20:00:00.000Z"
28,46,50000,"2030-10-22T20:00:00.000Z"
83,59,120000,"2031-06-10T20:00:00.000Z"
61,93,20000,"2031-09-20T20:00:00.000Z"
58,64,50000,"2030-09-25T20:00:00.000Z"
27,54,20000,"2031-07-07T20:00:00.000Z"
84,36,75000,"2031-08-26T20:00:00.000Z"
93,15,0,"2030-10-14T20:00:00.000Z"
58,29,20000,"2031-07-16T20:00:00.000Z"
21,66,75000,"2031-12-24T20:00:00.000Z"
21,85,250000,"2031-03-23T20:00:00.000Z"
77,63,120000,"2031-11-25T20:00:00.000Z"
4,5,35000,"2031-05-23T20:00:00.000Z"
63,78,20000,"2030-08-04T20:00:00.000Z"
6,49,50000,"2031-12-19T20:00:00.000Z"
81,72,75000,"2031-09-27T20:00:00.000Z"
95,21,50000,"2030-08-23T20:00:00.000Z"
39,66,0,"2030-09-21T20:00:00.000Z"
53,70,75000,"2030-03-02T20:00:00.000Z"
70,15,20000,"2030-08-02T20:00:00.000Z"
45,4,0,"2031-05-15T20:00:00.000Z"
1,99,20000,"2030-04-28T20:00:00.000Z"
15,91,250000,"2031-02-01T20:00:00.000Z"
38,6,75000,"2031-07-03T20:00:00.000Z"
23,89,35000,"2030-10-13T20:00:00.000Z"
96,38,0,"2030-08-23T20:00:00.000Z"
7,64,20000,"2030-11-13T20:00:00.000Z"
44,7,75000,"2031-10-24T20:00:00.000Z"
78,25,35000,"2031-11-22T20:00:00.000Z"
98,48,120000,"2031-07-31T20:00:00.000Z"
44,59,120000,"2031-01-10T20:00:00.000Z"
35,35,120000,"2031-11-08T20:00:00.000Z"
71,77,75000,"2031-02-28T20:00:00.000Z"
40,1,0,"2030-10-28T20:00:00.000Z"
68,65,250000,"2031-11-15T20:00:00.000Z"
86,69,50000,"2030-04-20T20:00:00.000Z"
9,38,75000,"2031-02-04T20:00:00.000Z"
44,83,20000,"2030-09-14T20:00:00.000Z"
81,3,75000,"2031-08-31T20:00:00.000Z"
25,54,50000,"2030-12-30T20:00:00.000Z"
72,29,20000,"2031-09-23T20:00:00.000Z"
53,1,35000,"2031-08-01T20:00:00.000Z"
78,24,35000,"2031-07-11T20:00:00.000Z"
68,10,20000,"2030-08-15T20:00:00.000Z"
51,12,250000,"2031-09-13T20:00:00.000Z"
61,88,120000,"2031-01-08T20:00:00.000Z"
74,24,120000,"2030-10-04T20:00:00.000Z"
46,35,35000,"2031-04-01T20:00:00.000Z"
70,90,0,"2031-04-06T20:00:00.000Z"
48,11,50000,"2030-08-15T20:00:00.000Z"
38,43,0,"2031-10-13T20:00:00.000Z"
41,15,0,"2031-11-12T20:00:00.000Z"
25,19,75000,"2031-06-05T20:00:00.000Z"
5,74,0,"2031-05-01T20:00:00.000Z"
26,75,75000,"2031-08-09T20:00:00.000Z"
16,27,250000,"2031-05-09T20:00:00.000Z"
13,8,75000,"2031-03-20T20:00:00.000Z"
72,28,50000,"2030-09-16T20:00:00.000Z"
7,75,20000,"2030-07-28T20:00:00.000Z"
43,47,0,"2031-06-25T20:00:00.000Z"
62,31,50000,"2030-08-28T20:00:00.000Z"
63,77,0,"2031-08-29T20:00:00.000Z"
99,61,75000,"2031-07-15T20:00:00.000Z"
39,55,50000,"2030-04-30T20:00:00.000Z"
61,30,50000,"2031-11-11T20:00:00.000Z"
3,80,250000,"2030-02-04T20:00:00.000Z"
0,26,75000,"2031-05-08T20:00:00.000Z"
92,43,50000,"2031-01-06T20:00:00.000Z"
97,23,35000,"2030-07-10T20:00:00.000Z"
56,61,0,"2031-05-08T20:00:00.000Z"
15,39,35000,"2031-07-09T20:00:00.000Z"
99,20,75000,"2031-04-18T20:00:00.000Z"
79,7,0,"2030-05-26T20:00:00.000Z"
55,16,50000,"2030-03-03T20:00:00.000Z"
92,53,250000,"2031-08-15T20:00:00.000Z"
90,18,35000,"2030-05-16T20:00:00.000Z"
76,70,35000,"2030-12-28T20:00:00.000Z"
37,17,35000,"2030-12-18T20:00:00.000Z"
51,14,0,"2030-05-20T20:00:00.000Z"
65,0,50000,"2031-11-23T20:00:00.000Z"
42,92,50000,"2030-07-09T20:00:00.000Z"
72,17,250000,"2031-08-19T20:00:00.000Z"
15,64,35000,"2030-08-04T20:00:00.000Z"
21,64,250000,"2031-08-20T20:00:00.000Z"
51,52,75000,"2030-11-09T20:00:00.000Z"
94,61,250000,"2030-05-21T20:00:00.000Z"
43,47,75000,"2030-08-03T20:00:00.000Z"
87,50,75000,"2031-12-15T20:00:00.000Z"
29,36,250000,"2030-12-01T20:00:00.000Z"
33,87,250000,"2030-09-01T20:00:00.000Z"
58,19,250000,"2031-02-04T20:00:00.000Z"
53,48,20000,"2031-05-30T20:00:00.000Z"
83,45,120000,"2031-08-01T20:00:00.000Z"
45,37,250000,"2030-09-20T20:00:00.000Z"
84,49,50000,"2030-07-19T20:00:00.000Z"
99,2,0,"2031-07-26T20:00:00.000Z"
31,96,75000,"2031-01-11T20:00:00.000Z"
46,58,75000,"2030-06-06T20:00:00.000Z"
70,30,35000,"2031-12-02T20:00:00.000Z"
34,16,0,"2030-05-29T20:00:00.000Z"
39,32,35000,"2031-07-19T20:00:00.000Z"
42,14,35000,"2030-06-20T20:00:00.000Z"
26,82,0,"2030-05-21T20:00:00.000Z"
18,63,0,"2031-02-04T20:00:00.000Z"
46,27,0,"2031-01-17T20:00:00.000Z"
57,88,0,"2031-06-21T20:00:00.000Z"
54,60,250000,"2031-08-24T20:00:00.000Z"
99,88,35000,"2031-07-12T20:00:00.000Z"
97,94,35000,"2031-10-16T20:00:00.000Z"
70,90,0,"2031-04-10T20:00:00.000Z"
79,59,35000,"2031-12-06T20:00:00.000Z"
43,17,250000,"2031-03-07T20:00:00.000Z"
77,88,250000,"2031-11-27T20:00:00.000Z"
41,62,35000,"2031-09-28T20:00:00.000Z"
76,23,120000,"2030-07-24T20:00:00.000Z"
64,62,20000,"2030-04-07T20:00:00.000Z"
39,16,250000,"2030-04-10T20:00:00.000Z"
47,86,35000,"2030-04-05T20:00:00.000Z"
8,46,250000,"2031-01-18T20:00:00.000Z"
56,26,50000,"2030-10-21T20:00:00.000Z"
37,38,35000,"2031-06-17T20:00:00.000Z"
8,91,0,"2030-05-30T20:00:00.000Z"
54,85,120000,"2030-08-28T20:00:00.000Z"
25,12,20000,"2031-12-21T20:00:00.000Z"
57,82,0,"2031-06-14T20:00:00.000Z"
23,54,75000,"2031-07-14T20:00:00.000Z"
40,61,35000,"2031-01-26T20:00:00.000Z"
21,27,0,"2031-02-23T20:00:00.000Z"
48,39,35000,"2030-03-25T20:00:00.000Z"
98,13,35000,"2031-09-21T20:00:00.000Z"
69,65,50000,"2031-10-20T20:00:00.000Z"
66,89,35000,"2030-10-08T20:00:00.000Z"
52,79,50000,"2030-12-12T20:00:00.000Z"
81,68,20000,"2030-10-31T20:00:00.000Z"
56,71,75000,"2031-04-11T20:00:00.000Z"
87,34,50000,"2031-09-24T20:00:00.000Z"
37,52,20000,"2031-05-27T20:00:00.000Z"
88,92,120000,"2031-07-20T20:00:00.000Z"
57,32,250000,"2031-09-26T20:00:00.000Z"
49,21,20000,"2030-08-18T20:00:00.000Z"
29,96,250000,"2030-11-18T20:00:00.000Z"
38,32,50000,"2030-11-19T20:00:00.000Z"
98,96,50000,"2030-09-28T20:00:00.000Z"
84,38,250000,"2030-06-08T20:00:00.000Z"
41,43,75000,"2031-03-28T20:00:00.000Z"
83,20,50000,"2030-11-02T20:00:00.000Z"
11,7,0,"2031-10-29T20:00:00.000Z"
22,11,75000,"2031-12-19T20:00:00.000Z"
5,24,0,"2030-04-16T20:00:00.000Z"
42,76,50000,"2031-10-22T20:00:00.000Z"
63,10,75000,"2030-03-31T20:00:00.000Z"
25,6,0,"2031-02-27T20:00:00.000Z"
4,77,20000,"2030-08-02T20:00:00.000Z"
26,14,120000,"2031-10-03T20:00:00.000Z"
86,62,50000,"2031-04-23T20:00:00.000Z"
15,39,20000,"2031-08-16T20:00:00.000Z"
2,53,0,"2030-11-16T20:00:00.000Z"
75,54,75000,"2031-02-11T20:00:00.000Z"
8,34,20000,"2030-05-13T20:00:00.000Z"
7,81,0,"2030-05-28T20:00:00.000Z"
77,22,250000,"2031-01-16T20:00:00.000Z"
88,19,120000,"2031-12-13T20:00:00.000Z"
89,20,75000,"2031-02-17T20:00:00.000Z"
41,64,75000,"2030-07-21T20:00:00.000Z"
51,77,50000,"2031-04-03T20:00:00.000Z"
52,49,0,"2031-05-18T20:00:00.000Z"
47,43,250000,"2031-06-14T20:00:00.000Z"
9,85,50000,"2030-09-12T20:00:00.000Z"
21,46,0,"2031-02-15T20:00:00.000Z"
75,4,75000,"2030-04-19T20:00:00.000Z"
90,59,35000,"2030-02-09T20:00:00.000Z"
93,17,20000,"2031-11-20T20:00:00.000Z"
90,91,50000,"2030-10-17T20:00:00.000Z"
19,71,120000,"2030-08-26T20:00:00.000Z"
51,65,75000,"2031-09-30T20:00:00.000Z"
92,13,20000,"2030-12-28T20:00:00.000Z"
2,20,120000,"2030-02-02T20:00:00.000Z"
27,68,35000,"2030-09-26T20:00:00.000Z"
14,5,50000,"2030-09-09T20:00:00.000Z"
52,11,75000,"2031-05-13T20:00:00.000Z"
66,90,250000,"2031-07-10T20:00:00.000Z"
58,54,120000,"2030-02-16T20:00:00.000Z"
49,76,75000,"2031-03-12T20:00:00.000Z"
0,40,0,"2030-07-06T20:00:00.000Z"
96,16,75000,"2031-10-12T20:00:00.000Z"
15,34,0,"2030-10-04T20:00:00.000Z"
44,36,35000,"2031-04-09T20:00:00.000Z"
77,30,35000,"2030-09-29T20:00:00.000Z"
33,73,75000,"2030-06-21T20:00:00.000Z"
81,62,35000,"2030-04-27T20:00:00.000Z"
30,7,250000,"2031-06-09T20:00:00.000Z"
62,15,75000,"2030-09-04T20:00:00.000Z"
85,8,75000,"2031-03-16T20:00:00.000Z"
44,52,120000,"2031-01-05T20:00:00.000Z"
21,84,20000,"2031-12-16T20:00:00.000Z"
13,39,120000,"2030-02-19T20:00:00.000Z"
53,39,120000,"2031-03-03T20:00:00.000Z"
33,82,20000,"2031-01-16T20:00:00.000Z"
39,38,0,"2030-02-01T20:00:00.000Z"
88,65,75000,"2031-04-01T20:00:00.000Z"
62,70,50000,"2031-10-15T20:00:00.000Z"
49,0,35000,"2031-06-13T20:00:00.000Z"
46,29,120000,"2030-09-25T20:00:00.000Z"
86,78,20000,"2031-11-02T20:00:00.000Z"
96,90,120000,"2030-03-23T20:00:00.000Z"
94,30,35000,"2031-06-05T20:00:00.000Z"
78,3,75000,"2030-04-15T20:00:00.000Z"
70,93,50000,"2030-05-07T20:00:00.000Z"
24,81,50000,"2031-12-14T20:00:00.000Z"
3,81,75000,"2031-05-01T20:00:00.000Z"
74,5,50000,"2031-02-12T20:00:00.000Z"
5,62,20000,"2030-09-30T20:00:00.000Z"
39,27,0,"2030-10-01T20:00:00.000Z"
75,48,75000,"2031-10-30T20:00:00.000Z"
8,84,250000,"2031-02-22T20:00:00.000Z"
85,79,250000,"2030-03-13T20:00:00.000Z"
79,18,0,"2030-11-13T20:00:00.000Z"
6,25,120000,"2031-02-25T20:00:00.000Z"
20,98,250000,"2030-09-03T20:00:00.000Z"
64,86,75000,"2031-08-15T20:00:00.000Z"
67,55,35000,"2030-11-07T20:00:00.000Z"
19,4,0,"2031-12-02T20:00:00.000Z"
48,19,50000,"2031-07-21T20:00:00.000Z"
90,79,50000,"2031-05-16T20:00:00.000Z"
39,60,75000,"2030-05-15T20:00:00.000Z"
95,88,0,"2030-09-19T20:00:00.000Z"
57,43,75000,"2030-08-01T20:00:00.000Z"
36,17,0,"2031-10-23T20:00:00.000Z"
75,79,50000,"2031-04-20T20:00:00.000Z"
5,93,0,"2030-09-05T20:00:00.000Z"
74,94,250000,"2030-03-11T20:00:00.000Z"
28,26,50000,"2030-11-17T20:00:00.000Z"
29,90,0,"2031-02-17T20:00:00.000Z"
39,55,120000,"2031-01-21T20:00:00.000Z"
16,29,50000,"2031-10-29T20:00:00.000Z"
80,4,75000,"2030-11-09T20:00:00.000Z"
62,8,75000,"2031-09-15T20:00:00.000Z"
41,37,75000,"2030-03-25T20:00:00.000Z"
21,48,75000,"2031-04-16T20:00:00.000Z"
23,29,35000,"2031-10-03T20:00:00.000Z"
76,91,20000,"2030-09-23T20:00:00.000Z"
38,35,35000,"2030-08-07T20:00:00.000Z"
83,96,120000,"2031-05-01T20:00:00.000Z"
37,67,20000,"2030-06-29T20:00:00.000Z"
39,48,35000,"2030-07-02T20:00:00.000Z"
71,83,35000,"2030-02-04T20:00:00.000Z"
80,72,35000,"2031-03-13T20:00:00.000Z"
82,74,50000,"2031-07-19T20:00:00.000Z"
20,46,50000,"2031-05-03T20:00:00.000Z"
26,63,50000,"2030-11-29T20:00:00.000Z"
6,34,75000,"2031-07-28T20:00:00.000Z"
29,7,20000,"2030-10-17T20:00:00.000Z"
21,12,250000,"2030-09-17T20:00:00.000Z"
69,7,250000,"2031-01-07T20:00:00.000Z"
2,7,250000,"2031-10-19T20:00:00.000Z"
94,24,20000,"2031-11-28T20:00:00.000Z"
5,43,0,"2030-02-10T20:00:00.000Z"
71,4,120000,"2030-12-18T20:00:00.000Z"
88,87,50000,"2030-12-23T20:00:00.000Z"
64,99,50000,"2030-03-13T20:00:00.000Z"
32,10,0,"2030-05-07T20:00:00.000Z"
45,9,250000,"2031-02-21T20:00:00.000Z"
94,48,50000,"2030-12-10T20:00:00.000Z"
33,18,75000,"2030-12-05T20:00:00.000Z"
86,68,120000,"2030-09-21T20:00:00.000Z"
72,46,250000,"2030-12-10T20:00:00.000Z"
91,49,20000,"2031-08-09T20:00:00.000Z"
31,95,20000,"2031-03-28T20:00:00.000Z"
7,57,250000,"2030-02-05T20:00:00.000Z"
39,17,250000,"2031-10-02T20:00:00.000Z"
22,39,35000,"2030-02-05T20:00:00.000Z"
54,71,20000,"2030-10-18T20:00:00.000Z"
23,12,0,"2031-10-30T20:00:00.000Z"
